Site identification,Area,Visit date,Start time,Species code,Count
Identification du site,Secteur,Date de la visite,Heure de début,Code de l’espèce,Dénombrement
1,4,11/08/2011,10:23:42 AM,SAND,18
1,4,11/08/2011,10:23:42 AM,SEPL,1
1,4,15/08/2011,3:54:51 PM,UNSHOREBIRD,20
1,4,15/08/2011,3:54:51 PM,WESA,23
1,4,24/08/2011,9:25:22 AM,BASA,1
1,4,24/08/2011,9:25:22 AM,SAND,8
1,4,24/08/2011,9:25:22 AM,WESA,14
1,4,05/10/2011,8:10:00 AM,BBPL,5
1,4,24/04/2012,9:10:00 AM,BLOY,1
1,4,09/05/2012,6:52:00 AM,DUNL,4
1,4,09/05/2012,6:52:00 AM,SEPL,7
1,4,09/05/2012,6:52:00 AM,WESA,3
1,4,17/05/2012,5:10:00 PM,RNPH,1
1,4,17/05/2012,5:10:00 PM,SAND,22
1,4,29/05/2012,7:50:00 AM,BLOY,1
1,4,29/07/2012,12:10:00 PM,SEPL,7
1,4,06/08/2012,7:36:00 AM,BBPL,1
1,4,06/08/2012,7:36:00 AM,SAND,1
1,4,25/08/2012,7:52:00 AM,SAND,7
1,4,26/04/2013,9:42:00 AM,SEPL,3
1,4,04/05/2013,1:30:00 PM,BLOY,3
1,4,04/05/2013,1:30:00 PM,SEPL,2
1,4,04/05/2013,1:30:00 PM,WESA,2
1,4,09/05/2013,8:53:00 AM,BLOY,3
1,4,09/05/2013,8:53:00 AM,KILL,1
1,4,16/05/2013,11:38:00 AM,WHIM,3
1,4,21/05/2013,8:10:00 AM,SAND,15
1,4,21/05/2013,8:10:00 AM,SEPL,6
1,4,21/05/2013,8:10:00 AM,WHIM,6
1,4,16/07/2013,7:58:00 AM,SEPL,3
1,4,30/07/2013,9:03:00 AM,SEPL,4
1,4,30/07/2013,9:03:00 AM,WESA,1
1,4,24/08/2013,7:26:00 AM,BLOY,1
1,4,24/08/2013,7:26:00 AM,SAND,3
1,4,04/09/2013,8:35:00 AM,SAND,3
1,4,04/09/2013,8:35:00 AM,SEPL,2
1,4,04/09/2013,8:35:00 AM,WESA,30
1,4,16/09/2013,6:53:00 AM,SBDO,1
1,4,07/08/2014,1:10:00 PM,WESA,7
1,4,26/08/2014,1:35:00 PM,LESA,5
1,4,26/08/2014,1:35:00 PM,SAND,2
1,4,26/08/2014,1:35:00 PM,SEPL,21
1,4,26/08/2014,1:35:00 PM,WESA,106
1,4,18/09/2014,4:04:00 PM,WHIM,2
1,4,29/04/2015,9:45:00 AM,BLOY,3
1,4,29/04/2015,9:45:00 AM,WESA,6
1,4,30/04/2015,7:50:00 AM,LESA,2
1,4,30/04/2015,7:50:00 AM,SEPL,27
1,4,30/04/2015,7:50:00 AM,WESA,150
1,4,14/05/2015,2:25:00 PM,BBPL,5
1,4,14/05/2015,2:25:00 PM,DUNL,2
1,4,14/05/2015,2:25:00 PM,WESA,5
1,4,22/05/2015,10:07:00 AM,BLOY,3
1,4,22/05/2015,10:07:00 AM,WHIM,5
1,4,29/07/2015,1:22:00 PM,SAND,1
1,4,05/08/2015,9:25:00 AM,SAND,25
1,4,17/08/2015,11:43:00 AM,SAND,1
1,4,17/08/2015,11:43:00 AM,WESA,3
1,4,10/05/2016,7:45:00 AM,DUNL,6
1,4,10/05/2016,7:45:00 AM,SEPL,1
1,4,10/05/2016,7:45:00 AM,WESA,28
1,4,17/05/2016,9:22:00 AM,WESA,2
1,4,21/07/2016,10:28:00 AM,SAND,1
1,4,21/07/2016,10:28:00 AM,SEPL,2
1,4,21/07/2016,10:28:00 AM,WESA,4
1,4,29/08/2016,2:58:00 PM,SAND,48
1,4,31/08/2016,1:48:00 PM,SAND,108
1,4,31/08/2016,1:48:00 PM,SEPL,8
1,4,31/08/2016,1:48:00 PM,WESA,3
1,4,12/09/2016,2:05:00 PM,WESA,4
1,4,13/09/2016,3:41:00 PM,WESA,1
1,4,25/04/2017,10:44:00 AM,BBPL,18
1,4,25/04/2017,10:44:00 AM,DUNL,2
1,4,25/04/2017,10:44:00 AM,WESA,30
1,4,25/04/2017,10:44:00 AM,WHIM,2
1,4,01/05/2017,2:20:00 PM,BBPL,1
1,4,01/05/2017,2:20:00 PM,BLOY,2
1,4,01/05/2017,2:20:00 PM,DUNL,2
1,4,01/05/2017,2:20:00 PM,LESA,4
1,4,01/05/2017,2:20:00 PM,PEEP,50
1,4,01/05/2017,2:20:00 PM,SEPL,56
1,4,01/05/2017,2:20:00 PM,WESA,126
1,4,03/05/2017,11:55:00 AM,BLOY,14
1,4,03/05/2017,11:55:00 AM,PEEP,10
1,4,03/05/2017,11:55:00 AM,WESA,6
1,4,12/05/2017,7:24:00 AM,BLOY,2
1,4,17/07/2017,12:30:00 PM,SAND,11
1,4,15/08/2017,2:10:00 PM,SEPL,10
1,4,15/08/2017,2:10:00 PM,WESA,8
1,4,25/08/2017,7:19:00 AM,SAND,4
1,4,25/08/2017,7:19:00 AM,WESA,2
1,4,18/09/2017,1:48:00 PM,SAND,36
2,4,20/08/2011,8:14:25 AM,SAND,21
2,4,20/08/2011,8:14:25 AM,WESA,23
2,4,24/08/2011,7:56:01 AM,BASA,2
2,4,24/08/2011,7:56:01 AM,SAND,8
2,4,05/09/2011,6:59:00 AM,BASA,1
2,4,05/09/2011,6:59:00 AM,SAND,60
2,4,16/05/2012,11:40:00 AM,SAND,4
2,4,16/05/2012,11:40:00 AM,SEPL,5
2,4,22/05/2012,6:39:00 AM,BLOY,2
2,4,31/05/2012,3:54:00 PM,BLOY,3
2,4,30/07/2012,9:49:00 AM,BLOY,2
2,4,29/08/2012,4:35:00 PM,WESA,1
2,4,25/04/2013,4:30:00 PM,BBPL,4
2,4,25/04/2013,4:30:00 PM,LESA,2
2,4,25/04/2013,4:30:00 PM,WESA,21
2,4,08/05/2013,12:39:00 PM,DUNL,13
2,4,08/05/2013,12:39:00 PM,SEPL,18
2,4,08/05/2013,12:39:00 PM,WESA,4
2,4,17/08/2013,5:11:00 PM,SEPL,2
2,4,17/08/2013,5:11:00 PM,WESA,15
2,4,19/09/2013,10:15:00 AM,BLOY,1
2,4,16/07/2014,8:44:00 AM,SEPL,2
2,4,16/07/2014,8:44:00 AM,WESA,240
2,4,20/08/2014,8:00:00 AM,WESA,5
2,4,26/09/2014,2:27:00 PM,WHIM,1
2,4,29/04/2015,2:15:00 PM,BBPL,5
2,4,29/04/2015,2:15:00 PM,BLOY,2
2,4,29/04/2015,2:15:00 PM,WESA,12
2,4,05/05/2015,1:25:00 PM,SEPL,59
2,4,05/05/2015,1:25:00 PM,WESA,58
2,4,25/05/2015,11:51:00 AM,WHIM,3
2,4,14/08/2015,5:05:00 PM,LESA,2
2,4,14/08/2015,5:05:00 PM,SEPL,6
2,4,14/08/2015,5:05:00 PM,WESA,201
2,4,26/08/2015,1:05:00 PM,SEPL,3
2,4,26/08/2015,1:05:00 PM,WESA,1
2,4,28/08/2015,12:06:00 PM,SEPL,4
2,4,28/08/2015,12:06:00 PM,WESA,7
2,4,01/09/2015,9:08:00 AM,BLOY,1
2,4,05/05/2016,9:08:00 AM,BBPL,14
2,4,05/05/2016,9:08:00 AM,SEPL,5
2,4,05/05/2016,9:08:00 AM,WESA,5
2,4,09/05/2016,1:50:00 PM,BBPL,3
2,4,09/05/2016,1:50:00 PM,DUNL,1
2,4,09/05/2016,1:50:00 PM,SEPL,2
2,4,09/05/2016,1:50:00 PM,WESA,10
2,4,09/05/2016,1:50:00 PM,WHIM,8
2,4,28/07/2016,10:12:00 AM,WESA,18
2,4,17/08/2016,10:06:00 AM,BLOY,5
2,4,17/08/2016,10:06:00 AM,SAND,5
2,4,20/04/2017,2:21:00 PM,PEEP,20
2,4,04/05/2017,10:08:00 AM,BBPL,4
2,4,04/05/2017,10:08:00 AM,REKN,16
2,4,04/05/2017,10:08:00 AM,RUTU,4
2,4,04/05/2017,10:08:00 AM,SBDO,8
2,4,04/05/2017,10:08:00 AM,WESA,16
2,4,08/05/2017,9:20:00 AM,BBPL,3
2,4,20/07/2017,8:48:00 AM,WESA,1
2,4,01/08/2017,10:35:00 AM,BBPL,2
2,4,01/08/2017,10:35:00 AM,LESA,2
2,4,01/08/2017,10:35:00 AM,WESA,49
2,4,10/08/2017,11:05:00 AM,LESA,1
2,4,10/08/2017,11:05:00 AM,WESA,8
2,4,28/08/2017,7:34:00 AM,WESA,1
3,4,12/08/2011,9:48:06 AM,KILL,8
3,4,12/08/2011,9:48:06 AM,SAND,3
3,4,03/05/2012,4:06:00 PM,BBPL,1
3,4,03/05/2012,4:06:00 PM,BLOY,2
3,4,03/05/2012,4:06:00 PM,WESA,52
3,4,09/05/2012,8:20:00 AM,SAND,3
3,4,09/05/2012,8:20:00 AM,SEPL,53
3,4,09/05/2012,8:20:00 AM,WESA,11
3,4,15/05/2012,6:39:00 AM,BLOY,1
3,4,30/05/2012,8:35:00 AM,BLOY,1
3,4,25/07/2012,9:49:00 AM,BLOY,1
3,4,29/07/2012,12:53:00 PM,KILL,1
3,4,01/08/2012,4:35:00 PM,BLOY,2
3,4,09/08/2012,8:22:00 AM,KILL,1
3,4,06/09/2012,6:07:00 PM,KILL,3
3,4,26/04/2013,12:18:00 PM,BBPL,6
3,4,26/04/2013,12:18:00 PM,SBDO,1
3,4,28/04/2013,10:24:00 AM,WESA,7
3,4,07/05/2013,6:40:00 PM,WESA,9
3,4,15/05/2013,1:16:00 PM,BLOY,4
3,4,22/05/2013,11:05:00 AM,WHIM,6
3,4,21/07/2013,8:43:00 AM,KILL,2
3,4,22/07/2013,2:20:00 PM,BLOY,7
3,4,22/07/2013,2:20:00 PM,SAND,8
3,4,22/07/2013,2:20:00 PM,SEPL,15
3,4,22/07/2013,2:20:00 PM,WESA,7
3,4,21/08/2013,1:41:00 PM,LESA,18
3,4,21/08/2013,1:41:00 PM,SEPL,3
3,4,27/08/2013,9:58:00 AM,SEPL,8
3,4,27/08/2013,9:58:00 AM,WESA,20
3,4,14/07/2014,9:34:00 AM,WESA,6
3,4,31/07/2014,6:46:00 AM,WESA,4
3,4,20/08/2014,9:05:00 AM,WESA,17
3,4,27/08/2014,1:31:00 PM,WESA,18
3,4,16/09/2014,12:51:00 PM,BLOY,1
3,4,30/04/2015,2:30:00 PM,BLOY,6
3,4,30/04/2015,2:30:00 PM,WESA,4
3,4,07/05/2015,4:30:00 PM,SEPL,1
3,4,13/05/2015,12:46:00 PM,BLOY,6
3,4,13/05/2015,12:46:00 PM,MAGO,1
3,4,17/07/2015,1:12:00 PM,LESA,3
3,4,07/08/2015,7:09:00 AM,GRYE,3
3,4,11/08/2015,8:00:00 AM,GRYE,2
3,4,11/08/2015,8:00:00 AM,LESA,1
3,4,13/08/2015,9:30:00 AM,GRYE,2
3,4,31/08/2015,10:15:00 AM,SEPL,14
3,4,31/08/2015,10:15:00 AM,WESA,38
3,4,10/09/2015,9:27:00 AM,WESA,1
3,4,25/04/2016,12:15:00 PM,BLOY,1
3,4,25/04/2016,12:15:00 PM,SEPL,3
3,4,05/05/2016,1:11:00 PM,SEPL,4
3,4,05/05/2016,1:11:00 PM,WESA,24
3,4,05/05/2016,1:11:00 PM,WHIM,8
3,4,19/05/2016,6:28:00 AM,WHIM,1
3,4,19/07/2016,6:19:00 AM,LESA,1
3,4,22/07/2016,9:27:00 AM,LESA,1
3,4,02/08/2016,6:49:00 AM,LEYE,1
3,4,07/09/2016,11:44:00 AM,SAND,2
3,4,13/09/2016,4:20:00 PM,SAND,2
3,4,15/05/2017,4:04:00 PM,WESA,6
3,4,18/05/2017,3:19:00 PM,BLOY,2
3,4,17/07/2017,7:30:00 AM,SPSA,1
3,4,11/08/2017,10:12:00 AM,LESA,2
3,4,15/08/2017,8:57:00 AM,BLOY,2
3,4,18/09/2017,10:20:00 AM,SAND,7
4,2,29/07/2011,7:02:27 AM,KILL,2
4,2,29/07/2011,7:02:27 AM,SEPL,6
4,2,09/08/2011,9:07:32 AM,SAND,9
4,2,09/08/2011,9:07:32 AM,SEPL,35
4,2,12/08/2011,11:20:36 AM,SEPL,27
4,2,12/08/2011,11:20:36 AM,WESA,237
4,2,02/05/2012,6:50:00 AM,BBPL,1
4,2,02/05/2012,6:50:00 AM,SEPL,28
4,2,02/05/2012,6:50:00 AM,WESA,51
4,2,14/05/2012,8:28:00 AM,DUNL,3
4,2,14/05/2012,8:28:00 AM,SEPL,9
4,2,14/05/2012,8:28:00 AM,WESA,12
4,2,18/05/2012,10:53:00 AM,SAND,38
4,2,18/05/2012,10:53:00 AM,WESA,28
4,2,21/05/2012,6:36:00 PM,BLOY,1
4,2,28/05/2012,4:43:00 PM,SAND,11
4,2,22/07/2012,6:42:00 AM,SEPL,11
4,2,22/07/2012,6:42:00 AM,WESA,2
4,2,06/08/2012,11:37:00 AM,SEPL,4
4,2,20/08/2012,9:08:00 AM,SAND,126
4,2,20/08/2012,9:08:00 AM,SEPL,5
4,2,20/08/2012,9:08:00 AM,WESA,72
4,2,21/04/2013,9:20:00 AM,BBPL,22
4,2,21/04/2013,9:20:00 AM,KILL,4
4,2,02/05/2013,10:05:00 AM,DUNL,3
4,2,02/05/2013,10:05:00 AM,KILL,1
4,2,02/05/2013,10:05:00 AM,SEPL,31
4,2,02/05/2013,10:05:00 AM,WESA,9
4,2,06/05/2013,7:09:00 AM,BBPL,1
4,2,06/05/2013,7:09:00 AM,DUNL,12
4,2,06/05/2013,7:09:00 AM,KILL,6
4,2,06/05/2013,7:09:00 AM,SAND,28
4,2,06/05/2013,7:09:00 AM,SEPL,44
4,2,06/05/2013,7:09:00 AM,WESA,13
4,2,08/05/2013,3:02:00 PM,BLOY,3
4,2,17/05/2013,11:16:00 AM,BLOY,6
4,2,17/05/2013,11:16:00 AM,SEPL,6
4,2,21/05/2013,10:58:00 AM,KILL,1
4,2,21/05/2013,10:58:00 AM,SAND,110
4,2,19/07/2013,10:33:00 AM,SAND,1
4,2,19/07/2013,10:33:00 AM,SEPL,27
4,2,19/07/2013,10:33:00 AM,WESA,1
4,2,31/07/2013,11:40:00 AM,WESA,12
4,2,03/09/2013,10:15:00 AM,LESA,12
4,2,03/09/2013,10:15:00 AM,SAND,5
4,2,03/09/2013,10:15:00 AM,SEPL,27
4,2,03/09/2013,10:15:00 AM,WESA,200
4,2,12/09/2013,7:30:00 AM,SAND,12
4,2,07/08/2014,11:42:00 AM,LESA,2
4,2,07/08/2014,11:42:00 AM,SAND,1
4,2,07/08/2014,11:42:00 AM,SEPL,7
4,2,07/08/2014,11:42:00 AM,WATA,3
4,2,07/08/2014,11:42:00 AM,WESA,48
4,2,18/08/2014,7:39:00 AM,WESA,5
4,2,05/09/2014,11:15:00 AM,SAND,1
4,2,05/09/2014,11:15:00 AM,WESA,6
4,2,23/09/2014,11:50:00 AM,WESA,1
4,2,04/05/2015,11:25:00 AM,BLOY,1
4,2,04/05/2015,11:25:00 AM,SEPL,22
4,2,14/05/2015,10:08:00 AM,DUNL,17
4,2,14/05/2015,10:08:00 AM,SAND,25
4,2,14/05/2015,10:08:00 AM,SEPL,3
4,2,14/05/2015,10:08:00 AM,WESA,252
4,2,25/05/2015,10:59:00 AM,BLOY,2
4,2,17/08/2015,12:28:00 PM,SAND,15
4,2,17/08/2015,12:28:00 PM,SEPL,2
4,2,17/08/2015,12:28:00 PM,WESA,49
4,2,25/08/2015,6:44:00 AM,PEEP,1
4,2,25/08/2015,6:44:00 AM,SEPL,2
4,2,25/08/2015,6:44:00 AM,WESA,8
4,2,10/05/2016,8:38:00 AM,DUNL,25
4,2,10/05/2016,8:38:00 AM,SEPL,1
4,2,10/05/2016,8:38:00 AM,WESA,173
4,2,11/05/2016,10:53:00 AM,DUNL,11
4,2,11/05/2016,10:53:00 AM,WESA,94
4,2,13/07/2016,8:09:00 AM,LESA,1
4,2,13/07/2016,8:09:00 AM,PEEP,1
4,2,28/07/2016,10:59:00 AM,GRYE,3
4,2,28/07/2016,10:59:00 AM,KILL,9
4,2,28/07/2016,10:59:00 AM,LESA,5
4,2,28/07/2016,10:59:00 AM,WESA,228
4,2,24/08/2016,5:23:00 PM,LESA,1
4,2,02/09/2016,4:23:00 PM,WESA,9
4,2,24/04/2017,6:34:00 AM,SEPL,88
4,2,24/04/2017,6:34:00 AM,WESA,12
4,2,04/05/2017,11:55:00 AM,BLOY,1
4,2,04/05/2017,11:55:00 AM,SEPL,14
4,2,04/05/2017,11:55:00 AM,WESA,2
4,2,24/07/2017,11:22:00 AM,LESA,1
4,2,24/07/2017,11:22:00 AM,WESA,21
4,2,27/07/2017,9:20:00 AM,WESA,8
4,2,14/08/2017,4:19:00 PM,PEEP,15
4,2,15/08/2017,1:15:00 PM,LESA,2
4,2,15/08/2017,1:15:00 PM,SAND,14
4,2,15/08/2017,1:15:00 PM,SBDO,6
4,2,15/08/2017,1:15:00 PM,SEPL,147
4,2,15/08/2017,1:15:00 PM,WESA,154
4,2,25/08/2017,10:09:00 AM,LESA,2
5,2,25/07/2011,2:31:09 PM,SEPL,5
5,2,30/07/2011,9:00:35 AM,KILL,10
5,2,30/07/2011,9:00:35 AM,SAND,3
5,2,30/07/2011,9:00:35 AM,WESA,2
5,2,01/08/2011,1:18:48 PM,SAND,75
5,2,01/08/2011,1:18:48 PM,SEPL,45
5,2,14/08/2011,7:33:43 AM,SAND,14
5,2,14/08/2011,7:33:43 AM,SEPL,15
5,2,14/08/2011,7:33:43 AM,UNSHOREBIRD,10
5,2,14/08/2011,7:33:43 AM,WESA,63
5,2,18/08/2011,10:27:34 AM,UNSHOREBIRD,15
5,2,23/08/2011,1:45:26 PM,SAND,20
5,2,23/08/2011,1:45:26 PM,WESA,160
5,2,05/10/2011,12:35:00 PM,GRYE,1
5,2,05/10/2011,12:35:00 PM,KILL,3
5,2,23/04/2012,11:25:00 AM,WESA,4
5,2,08/05/2012,7:43:00 AM,DUNL,2
5,2,08/05/2012,7:43:00 AM,SAND,271
5,2,08/05/2012,7:43:00 AM,SEPL,6
5,2,08/05/2012,7:43:00 AM,WESA,174
5,2,17/05/2012,11:43:00 AM,RNPH,6
5,2,17/05/2012,11:43:00 AM,SAND,32
5,2,17/05/2012,11:43:00 AM,WHIM,35
5,2,20/05/2012,1:59:00 PM,KILL,3
5,2,20/05/2012,1:59:00 PM,SAND,12
5,2,20/05/2012,1:59:00 PM,WHIM,14
5,2,17/07/2012,3:23:00 PM,WESA,40
5,2,25/07/2012,7:53:00 AM,SAND,4
5,2,28/07/2012,9:24:00 AM,KILL,3
5,2,28/07/2012,9:24:00 AM,SEPL,5
5,2,28/07/2012,9:24:00 AM,WESA,100
5,2,10/08/2012,12:13:00 PM,SAND,21
5,2,10/08/2012,12:13:00 PM,SEPL,18
5,2,10/08/2012,12:13:00 PM,WESA,82
5,2,16/08/2012,6:58:00 AM,LESA,8
5,2,16/08/2012,6:58:00 AM,SEPL,3
5,2,27/09/2012,9:19:00 AM,KILL,1
5,2,24/04/2013,9:03:00 AM,WHIM,8
5,2,07/05/2013,8:16:00 AM,DUNL,61
5,2,07/05/2013,8:16:00 AM,SAND,2
5,2,07/05/2013,8:16:00 AM,SEPL,56
5,2,07/05/2013,8:16:00 AM,WESA,3
5,2,09/05/2013,3:51:00 PM,DUNL,1
5,2,09/05/2013,3:51:00 PM,SEPL,2
5,2,09/05/2013,3:51:00 PM,WESA,6
5,2,09/07/2013,4:58:00 PM,KILL,1
5,2,17/07/2013,10:00:00 AM,KILL,4
5,2,12/08/2013,10:14:00 AM,BBPL,2
5,2,12/08/2013,10:14:00 AM,SEPL,4
5,2,12/08/2013,10:14:00 AM,WESA,9
5,2,17/08/2013,4:16:00 PM,SEPL,2
5,2,04/09/2013,9:20:00 AM,SAND,10
5,2,04/09/2013,9:20:00 AM,WESA,70
5,2,15/07/2014,1:02:00 PM,WESA,1150
5,2,01/08/2014,1:20:00 PM,SEPL,12
5,2,01/08/2014,1:20:00 PM,WESA,2
5,2,07/08/2014,3:20:00 PM,WESA,8
5,2,15/08/2014,4:15:00 PM,BBPL,2
5,2,15/08/2014,4:15:00 PM,SAND,5
5,2,15/08/2014,4:15:00 PM,WESA,8
5,2,28/08/2014,1:25:00 PM,SAND,370
5,2,28/08/2014,1:25:00 PM,SEPL,8
5,2,28/08/2014,1:25:00 PM,WESA,44
5,2,25/09/2014,6:50:00 AM,WESA,2
5,2,23/04/2015,4:50:00 PM,DUNL,62
5,2,23/04/2015,4:50:00 PM,SEPL,12
5,2,23/04/2015,4:50:00 PM,WESA,77
5,2,05/05/2015,2:15:00 PM,DUNL,63
5,2,05/05/2015,2:15:00 PM,SAND,2
5,2,05/05/2015,2:15:00 PM,SEPL,57
5,2,05/05/2015,2:15:00 PM,WESA,239
5,2,07/05/2015,3:45:00 PM,DUNL,19
5,2,07/05/2015,3:45:00 PM,SAND,2
5,2,07/05/2015,3:45:00 PM,SEPL,39
5,2,07/05/2015,3:45:00 PM,WESA,113
5,2,14/05/2015,1:40:00 PM,BLOY,5
5,2,14/05/2015,1:40:00 PM,DUNL,5
5,2,14/05/2015,1:40:00 PM,WESA,177
5,2,23/07/2015,7:39:00 AM,KILL,4
5,2,23/07/2015,7:39:00 AM,LESA,4
5,2,07/08/2015,7:55:00 AM,LESA,10
5,2,07/08/2015,7:55:00 AM,SEPL,18
5,2,07/08/2015,7:55:00 AM,WESA,77
5,2,14/08/2015,1:56:00 PM,WESA,69
5,2,27/08/2015,10:31:00 AM,LESA,2
5,2,27/08/2015,10:31:00 AM,SEPL,37
5,2,27/08/2015,10:31:00 AM,WESA,3
5,2,12/09/2015,3:23:00 PM,SEPL,3
5,2,24/09/2015,12:10:00 PM,KILL,2
5,2,24/09/2015,12:10:00 PM,SBDO,2
5,2,02/05/2016,10:01:00 AM,SAND,1
5,2,02/05/2016,10:01:00 AM,SEPL,6
5,2,02/05/2016,10:01:00 AM,WESA,10
5,2,04/05/2016,6:03:00 AM,WESA,20
5,2,13/05/2016,9:06:00 AM,KILL,6
5,2,25/05/2016,10:42:00 AM,WHIM,2
5,2,12/07/2016,2:29:00 PM,KILL,6
5,2,12/07/2016,2:29:00 PM,LESA,1
5,2,12/07/2016,2:29:00 PM,SAND,8
5,2,12/07/2016,2:29:00 PM,SEPL,7
5,2,12/07/2016,2:29:00 PM,WESA,41
5,2,19/07/2016,7:06:00 AM,BLOY,2
5,2,19/07/2016,7:06:00 AM,GRYE,1
5,2,19/07/2016,7:06:00 AM,KILL,2
5,2,19/07/2016,7:06:00 AM,LESA,20
5,2,19/07/2016,7:06:00 AM,SEPL,1
5,2,19/07/2016,7:06:00 AM,WESA,56
5,2,21/07/2016,11:18:00 AM,SAND,39
5,2,21/07/2016,11:18:00 AM,SEPL,64
5,2,21/07/2016,11:18:00 AM,WESA,16
5,2,26/07/2016,7:19:00 AM,KILL,16
5,2,26/07/2016,7:19:00 AM,SEPL,2
5,2,26/07/2016,7:19:00 AM,WESA,1
5,2,04/08/2016,6:54:00 AM,KILL,1
5,2,04/08/2016,6:54:00 AM,LESA,2
5,2,04/08/2016,6:54:00 AM,WESA,7
5,2,11/08/2016,11:40:00 AM,KILL,1
5,2,11/08/2016,11:40:00 AM,LESA,25
5,2,11/08/2016,11:40:00 AM,SAND,3
5,2,11/08/2016,11:40:00 AM,SEPL,6
5,2,11/08/2016,11:40:00 AM,WESA,340
5,2,31/08/2016,12:38:00 PM,GRYE,2
5,2,31/08/2016,12:38:00 PM,WESA,80
5,2,01/09/2016,10:39:00 AM,KILL,10
5,2,01/09/2016,10:39:00 AM,SEPL,1
5,2,01/09/2016,10:39:00 AM,WESA,31
5,2,28/04/2017,7:22:00 AM,BLOY,2
5,2,28/04/2017,7:22:00 AM,DUNL,18
5,2,28/04/2017,7:22:00 AM,SEPL,50
5,2,28/04/2017,7:22:00 AM,WESA,120
5,2,15/05/2017,2:49:00 PM,DUNL,4
5,2,15/05/2017,2:49:00 PM,SEPL,20
5,2,15/05/2017,2:49:00 PM,WESA,76
5,2,11/07/2017,4:48:00 PM,KILL,1
5,2,17/07/2017,8:10:00 AM,GRYE,1
5,2,17/07/2017,8:10:00 AM,SEPL,7
5,2,11/08/2017,11:05:00 AM,KILL,3
5,2,11/08/2017,11:05:00 AM,LESA,16
5,2,11/08/2017,11:05:00 AM,SEPL,2
5,2,11/08/2017,11:05:00 AM,WESA,55
5,2,29/08/2017,4:18:00 PM,SEPL,10
5,2,29/08/2017,4:18:00 PM,WESA,102
6,2,24/07/2011,5:05:25 PM,WESA,1
6,2,13/08/2011,4:37:21 PM,SEPL,20
6,2,13/08/2011,4:37:21 PM,WESA,2
6,2,25/08/2011,7:17:55 AM,KILL,1
6,2,25/08/2011,7:17:55 AM,SAND,4
6,2,23/04/2012,10:38:00 AM,DUNL,3
6,2,23/04/2012,10:38:00 AM,SAND,4
6,2,23/04/2012,10:38:00 AM,WESA,307
6,2,13/05/2012,8:48:00 AM,BLOY,14
6,2,16/05/2012,8:09:00 AM,SAND,20
6,2,16/05/2012,8:09:00 AM,WESA,1
6,2,29/05/2012,9:17:00 AM,SAND,130
6,2,18/07/2012,12:34:00 PM,WESA,5
6,2,30/07/2012,11:04:00 AM,SEPL,6
6,2,01/08/2012,7:32:00 AM,SAND,14
6,2,03/08/2012,6:16:00 AM,BLOY,3
6,2,03/08/2012,6:16:00 AM,GRYE,1
6,2,03/08/2012,6:16:00 AM,SAND,1
6,2,03/08/2012,6:16:00 AM,WESA,13
6,2,29/08/2012,5:36:00 PM,BASA,2
6,2,29/08/2012,5:36:00 PM,SAND,200
6,2,29/08/2012,5:36:00 PM,WESA,32
6,2,05/09/2012,10:25:00 AM,SAND,60
6,2,05/09/2012,10:25:00 AM,SEPL,1
6,2,05/09/2012,10:25:00 AM,WESA,10
6,2,05/09/2012,10:25:00 AM,WHIM,2
6,2,05/05/2013,3:38:00 PM,BBPL,15
6,2,05/05/2013,3:38:00 PM,SEPL,3
6,2,14/05/2013,4:10:00 PM,SAND,4
6,2,21/07/2013,1:55:00 PM,SEPL,20
6,2,31/07/2013,7:41:00 AM,SEPL,2
6,2,31/07/2013,7:41:00 AM,WESA,2
6,2,15/08/2013,2:50:00 PM,SAND,35
6,2,15/08/2013,2:50:00 PM,SEPL,3
6,2,15/08/2013,2:50:00 PM,WESA,11
6,2,26/08/2013,2:39:00 PM,SAND,15
6,2,26/08/2013,2:39:00 PM,WESA,17
6,2,14/07/2014,6:52:00 AM,WESA,5
6,2,14/07/2014,6:52:00 AM,WHIM,1
6,2,21/07/2014,8:36:00 AM,WESA,70
6,2,13/08/2014,3:39:00 PM,WESA,28
6,2,29/08/2014,12:36:00 PM,SAND,25
6,2,29/08/2014,12:36:00 PM,SEPL,6
6,2,29/08/2014,12:36:00 PM,WESA,13
6,2,04/09/2014,11:00:00 AM,PEEP,24
6,2,04/09/2014,11:00:00 AM,WESA,23
6,2,22/09/2014,10:28:00 AM,SAND,180
6,2,22/09/2014,10:28:00 AM,WHIM,1
6,2,27/04/2015,6:40:00 AM,DUNL,2
6,2,27/04/2015,6:40:00 AM,SEPL,11
6,2,27/04/2015,6:40:00 AM,WESA,46
6,2,01/05/2015,1:00:00 PM,DUNL,4
6,2,01/05/2015,1:00:00 PM,SEPL,21
6,2,01/05/2015,1:00:00 PM,WESA,187
6,2,06/05/2015,2:09:00 PM,DUNL,41
6,2,06/05/2015,2:09:00 PM,SEPL,107
6,2,06/05/2015,2:09:00 PM,WESA,383
6,2,27/07/2015,7:40:00 AM,SAND,8
6,2,27/07/2015,7:40:00 AM,WESA,7
6,2,11/08/2015,8:48:00 AM,LESA,2
6,2,11/08/2015,8:48:00 AM,WESA,50
6,2,25/08/2015,7:26:00 AM,SAND,1
6,2,25/08/2015,7:26:00 AM,WESA,6
6,2,04/09/2015,8:52:00 AM,SAND,33
6,2,04/09/2015,8:52:00 AM,WESA,18
6,2,03/05/2016,11:03:00 AM,DUNL,115
6,2,03/05/2016,11:03:00 AM,LESA,3
6,2,03/05/2016,11:03:00 AM,SAND,16
6,2,03/05/2016,11:03:00 AM,SEPL,158
6,2,03/05/2016,11:03:00 AM,WESA,1568
6,2,06/05/2016,11:55:00 AM,WHIM,4
6,2,13/07/2016,10:23:00 AM,WESA,180
6,2,12/08/2016,10:46:00 AM,LESA,2
6,2,12/08/2016,10:46:00 AM,WESA,23
6,2,18/08/2016,9:40:00 AM,BLOY,1
6,2,18/08/2016,9:40:00 AM,WESA,11
6,2,27/04/2017,7:23:00 AM,BBPL,67
6,2,27/04/2017,7:23:00 AM,DUNL,2
6,2,27/04/2017,7:23:00 AM,LESA,23
6,2,27/04/2017,7:23:00 AM,SBDO,5
6,2,27/04/2017,7:23:00 AM,SEPL,250
6,2,27/04/2017,7:23:00 AM,WESA,762
6,2,04/05/2017,11:17:00 AM,WESA,62
6,2,01/08/2017,11:38:00 AM,WESA,3
6,2,15/08/2017,3:55:00 PM,SEPL,3
6,2,06/09/2017,7:37:00 AM,WESA,18
6,2,11/09/2017,6:41:00 AM,SAND,3
6,2,11/09/2017,6:41:00 AM,SEPL,3
6,2,13/09/2017,5:29:00 PM,MAGO,1
6,2,13/09/2017,5:29:00 PM,SAND,8
6,2,13/09/2017,5:29:00 PM,WESA,6
7,2,31/07/2011,6:40:28 AM,WESA,30
7,2,11/08/2011,4:20:43 PM,SAND,200
7,2,23/08/2011,6:10:06 PM,SEPL,54
7,2,27/04/2012,8:30:00 AM,DUNL,71
7,2,27/04/2012,8:30:00 AM,LESA,32
7,2,27/04/2012,8:30:00 AM,SAND,35
7,2,27/04/2012,8:30:00 AM,SEPL,56
7,2,27/04/2012,8:30:00 AM,SESA,5
7,2,27/04/2012,8:30:00 AM,WESA,326
7,2,10/05/2012,2:50:00 PM,WESA,2
7,2,10/05/2012,2:50:00 PM,WHIM,6
7,2,15/05/2012,10:40:00 AM,DUNL,6
7,2,15/05/2012,10:40:00 AM,SAND,60
7,2,15/05/2012,10:40:00 AM,SEPL,1
7,2,15/05/2012,10:40:00 AM,WHIM,3
7,2,22/05/2012,9:36:00 AM,SAND,56
7,2,20/07/2012,3:05:00 PM,WESA,27
7,2,23/07/2012,4:56:00 PM,WESA,15
7,2,31/07/2012,6:48:00 AM,SAND,25
7,2,31/07/2012,6:48:00 AM,SEPL,70
7,2,31/07/2012,6:48:00 AM,WESA,15
7,2,05/08/2012,5:29:00 PM,SAND,156
7,2,16/08/2012,4:31:00 PM,SEPL,4
7,2,07/05/2013,9:21:00 AM,DUNL,1
7,2,07/05/2013,9:21:00 AM,SAND,20
7,2,07/05/2013,9:21:00 AM,SEPL,28
7,2,07/05/2013,9:21:00 AM,WESA,1
7,2,10/05/2013,8:55:00 AM,DUNL,1
7,2,10/05/2013,8:55:00 AM,WESA,55
7,2,27/07/2013,10:20:00 AM,WESA,55
7,2,09/08/2013,1:22:00 PM,SEPL,1
7,2,22/08/2013,4:26:00 PM,SAND,21
7,2,24/08/2013,12:55:00 PM,WESA,1
7,2,12/09/2013,2:42:00 PM,WESA,1
7,2,23/09/2013,10:50:00 AM,WESA,1
7,2,16/07/2014,10:49:00 AM,SEPL,31
7,2,16/07/2014,10:49:00 AM,WESA,626
7,2,22/07/2014,9:54:00 AM,WESA,6
7,2,14/08/2014,5:30:00 PM,LESA,20
7,2,14/08/2014,5:30:00 PM,SAND,40
7,2,14/08/2014,5:30:00 PM,SEPL,9
7,2,14/08/2014,5:30:00 PM,WESA,162
7,2,16/09/2014,7:09:00 AM,SAND,18
7,2,25/09/2014,7:31:00 AM,SAND,14
7,2,27/04/2015,11:04:00 AM,BBPL,25
7,2,27/04/2015,11:04:00 AM,DUNL,30
7,2,27/04/2015,11:04:00 AM,SEPL,40
7,2,27/04/2015,11:04:00 AM,WESA,355
7,2,05/05/2015,2:57:00 PM,SEPL,4
7,2,05/05/2015,2:57:00 PM,WESA,141
7,2,07/05/2015,6:05:00 AM,DUNL,24
7,2,07/05/2015,6:05:00 AM,RUTU,1
7,2,07/05/2015,6:05:00 AM,SEPL,55
7,2,07/05/2015,6:05:00 AM,WESA,110
7,2,14/05/2015,9:14:00 AM,DUNL,98
7,2,14/05/2015,9:14:00 AM,SAND,5
7,2,14/05/2015,9:14:00 AM,SEPL,10
7,2,14/05/2015,9:14:00 AM,WESA,83
7,2,07/08/2015,6:20:00 AM,SEPL,18
7,2,07/08/2015,6:20:00 AM,WESA,58
7,2,14/08/2015,1:08:00 PM,SAND,4
7,2,14/08/2015,1:08:00 PM,WESA,470
7,2,31/08/2015,11:20:00 AM,BLTU,5
7,2,31/08/2015,11:20:00 AM,SAND,48
7,2,31/08/2015,11:20:00 AM,SEPL,14
7,2,31/08/2015,11:20:00 AM,WESA,26
7,2,28/04/2016,8:10:00 AM,BBPL,1
7,2,28/04/2016,8:10:00 AM,DUNL,56
7,2,28/04/2016,8:10:00 AM,SEPL,106
7,2,28/04/2016,8:10:00 AM,WESA,380
7,2,28/04/2016,8:10:00 AM,WHIM,2
7,2,29/04/2016,11:38:00 AM,DUNL,2
7,2,29/04/2016,11:38:00 AM,SAND,4
7,2,29/04/2016,11:38:00 AM,SEPL,15
7,2,29/04/2016,11:38:00 AM,WESA,174
7,2,08/05/2016,2:16:00 PM,DUNL,14
7,2,08/05/2016,2:16:00 PM,SEPL,1
7,2,08/05/2016,2:16:00 PM,WESA,484
7,2,20/05/2016,2:45:00 PM,DUNL,8
7,2,20/05/2016,2:45:00 PM,SAND,247
7,2,20/05/2016,2:45:00 PM,SEPL,29
7,2,20/05/2016,2:45:00 PM,WESA,349
7,2,14/07/2016,11:11:00 AM,SAND,5
7,2,14/07/2016,11:11:00 AM,WESA,290
7,2,25/07/2016,6:57:00 AM,LESA,1
7,2,25/07/2016,6:57:00 AM,WESA,4
7,2,02/08/2016,12:33:00 PM,PEEP,18
7,2,02/08/2016,12:33:00 PM,SEPL,2
7,2,03/08/2016,2:44:00 PM,WESA,14
7,2,10/08/2016,2:50:00 PM,WESA,14
7,2,03/05/2017,2:50:00 PM,DUNL,28
7,2,03/05/2017,2:50:00 PM,LESA,1
7,2,03/05/2017,2:50:00 PM,SEPL,24
7,2,03/05/2017,2:50:00 PM,WESA,183
7,2,03/05/2017,2:50:00 PM,WHIM,2
7,2,05/05/2017,11:30:00 AM,BBPL,2
7,2,05/05/2017,11:30:00 AM,DUNL,91
7,2,05/05/2017,11:30:00 AM,MAGO,4
7,2,05/05/2017,11:30:00 AM,SAND,20
7,2,05/05/2017,11:30:00 AM,SBDO,2
7,2,05/05/2017,11:30:00 AM,SEPL,12
7,2,05/05/2017,11:30:00 AM,WESA,205
7,2,05/05/2017,11:30:00 AM,WHIM,82
7,2,09/05/2017,9:41:00 AM,DUNL,14
7,2,09/05/2017,9:41:00 AM,WESA,804
7,2,28/08/2017,8:18:00 AM,GRYE,4
7,2,28/08/2017,8:18:00 AM,SAND,18
7,2,28/08/2017,8:18:00 AM,WESA,133
7,2,30/08/2017,5:07:00 PM,SAND,30
7,2,30/08/2017,5:07:00 PM,SBDO,1
8,2,26/07/2011,7:08:24 AM,SAND,2
8,2,26/07/2011,7:08:24 AM,SEPL,28
8,2,26/07/2011,7:08:24 AM,WESA,3
8,2,28/07/2011,4:10:50 PM,SAND,134
8,2,28/07/2011,4:10:50 PM,WESA,30
8,2,08/08/2011,4:15:38 PM,SAND,136
8,2,08/08/2011,4:15:38 PM,SEPL,4
8,2,13/08/2011,11:40:29 AM,SAND,60
8,2,13/08/2011,11:40:29 AM,UNSHOREBIRD,7
8,2,13/08/2011,11:40:29 AM,WESA,52
8,2,18/08/2011,3:13:04 PM,WESA,250
8,2,20/08/2011,1:33:30 PM,WESA,15
8,2,05/09/2011,9:00:00 AM,SAND,506
8,2,05/09/2011,9:00:00 AM,WESA,1
8,2,08/05/2012,4:36:00 PM,SAND,31
8,2,14/05/2012,10:25:00 AM,SAND,93
8,2,25/07/2012,6:42:00 AM,SAND,95
8,2,25/07/2012,6:42:00 AM,SEPL,3
8,2,25/07/2012,6:42:00 AM,WESA,5
8,2,28/07/2012,10:17:00 AM,SEPL,4
8,2,02/08/2012,9:13:00 AM,SAND,36
8,2,02/08/2012,9:13:00 AM,SEPL,65
8,2,02/08/2012,9:13:00 AM,WESA,9
8,2,07/08/2012,7:17:00 AM,KILL,2
8,2,07/08/2012,7:17:00 AM,SAND,178
8,2,07/08/2012,7:17:00 AM,SEPL,13
8,2,07/08/2012,7:17:00 AM,WESA,5
8,2,09/08/2012,1:33:00 PM,KILL,6
8,2,09/08/2012,1:33:00 PM,SAND,54
8,2,09/08/2012,1:33:00 PM,SEPL,7
8,2,13/08/2012,2:47:00 PM,KILL,1
8,2,20/08/2012,10:29:00 AM,SAND,24
8,2,20/08/2012,10:29:00 AM,SEPL,3
8,2,20/08/2012,10:29:00 AM,WESA,37
8,2,03/05/2013,7:31:00 AM,SAND,11
8,2,03/05/2013,7:31:00 AM,SEPL,28
8,2,03/05/2013,7:31:00 AM,WESA,77
8,2,09/05/2013,2:56:00 PM,SEPL,4
8,2,16/05/2013,10:07:00 AM,DUNL,25
8,2,16/05/2013,10:07:00 AM,SAND,74
8,2,17/07/2013,2:30:00 PM,WESA,10
8,2,23/07/2013,12:10:00 PM,SEPL,13
8,2,25/07/2013,6:44:00 AM,SEPL,1
8,2,31/07/2013,12:56:00 PM,SAND,5
8,2,31/07/2013,12:56:00 PM,SEPL,47
8,2,31/07/2013,12:56:00 PM,WESA,13
8,2,06/08/2013,2:10:00 PM,SEPL,2
8,2,06/08/2013,2:10:00 PM,WESA,143
8,2,13/08/2013,9:02:00 AM,SEPL,6
8,2,17/08/2013,11:52:00 AM,SAND,109
8,2,17/08/2013,11:52:00 AM,WESA,249
8,2,26/08/2013,6:35:00 AM,WESA,25
8,2,19/09/2013,11:45:00 AM,SAND,4
8,2,18/07/2014,12:40:00 PM,SEPL,47
8,2,18/07/2014,12:40:00 PM,WESA,163
8,2,30/07/2014,12:57:00 PM,WESA,30
8,2,05/08/2014,10:45:00 AM,BBPL,2
8,2,05/08/2014,10:45:00 AM,SAND,11
8,2,05/08/2014,10:45:00 AM,SEPL,19
8,2,05/08/2014,10:45:00 AM,WESA,47
8,2,18/08/2014,11:23:00 AM,LESA,10
8,2,18/08/2014,11:23:00 AM,SAND,25
8,2,18/08/2014,11:23:00 AM,SEPL,64
8,2,18/08/2014,11:23:00 AM,WESA,17
8,2,29/08/2014,6:53:00 AM,SAND,22
8,2,29/08/2014,6:53:00 AM,SEPL,2
8,2,29/08/2014,6:53:00 AM,UNSHOREBIRD,5
8,2,29/08/2014,6:53:00 AM,WESA,24
8,2,29/09/2014,12:31:00 PM,MAGO,2
8,2,27/04/2015,6:53:00 AM,DUNL,1
8,2,27/04/2015,6:53:00 AM,SEPL,108
8,2,27/04/2015,6:53:00 AM,WESA,67
8,2,30/04/2015,8:50:00 AM,DUNL,42
8,2,30/04/2015,8:50:00 AM,MAGO,1
8,2,30/04/2015,8:50:00 AM,SAND,10
8,2,30/04/2015,8:50:00 AM,SEPL,107
8,2,30/04/2015,8:50:00 AM,WESA,207
8,2,12/05/2015,11:05:00 AM,DUNL,7
8,2,12/05/2015,11:05:00 AM,SAND,6
8,2,12/05/2015,11:05:00 AM,SEPL,16
8,2,12/05/2015,11:05:00 AM,WESA,66
8,2,24/07/2015,2:05:00 PM,LESA,2
8,2,24/07/2015,2:05:00 PM,SAND,61
8,2,24/07/2015,2:05:00 PM,SEPL,235
8,2,24/07/2015,2:05:00 PM,WESA,120
8,2,10/08/2015,10:26:00 AM,LESA,2
8,2,10/08/2015,10:26:00 AM,SAND,23
8,2,10/08/2015,10:26:00 AM,SEPL,16
8,2,10/08/2015,10:26:00 AM,WESA,207
8,2,12/08/2015,1:23:00 PM,SAND,2
8,2,12/08/2015,1:23:00 PM,SEPL,14
8,2,12/08/2015,1:23:00 PM,WESA,3
8,2,13/08/2015,8:20:00 AM,WESA,10
8,2,27/08/2015,9:31:00 AM,PEEP,18
8,2,27/08/2015,9:31:00 AM,SAND,3
8,2,27/08/2015,9:31:00 AM,SEPL,1
8,2,27/08/2015,9:31:00 AM,WESA,2
8,2,10/09/2015,8:25:00 AM,BLTU,4
8,2,10/09/2015,8:25:00 AM,SAND,89
8,2,10/09/2015,8:25:00 AM,WESA,34
8,2,26/04/2016,1:25:00 PM,WESA,4
8,2,03/05/2016,2:07:00 PM,DUNL,7
8,2,03/05/2016,2:07:00 PM,SEPL,5
8,2,03/05/2016,2:07:00 PM,WESA,343
8,2,18/05/2016,7:30:00 AM,SAND,30
8,2,18/05/2016,7:30:00 AM,WESA,24
8,2,18/05/2016,7:30:00 AM,WHIM,2
8,2,19/05/2016,7:43:00 AM,SEPL,3
8,2,19/05/2016,7:43:00 AM,WHIM,19
8,2,19/07/2016,10:00:00 AM,SAND,2
8,2,19/07/2016,10:00:00 AM,SEPL,2
8,2,08/08/2016,8:40:00 AM,BLOY,1
8,2,08/08/2016,8:40:00 AM,REKN,50
8,2,08/08/2016,8:40:00 AM,SEPL,55
8,2,11/08/2016,4:48:00 PM,SEPL,2
8,2,11/08/2016,4:48:00 PM,WESA,160
8,2,16/08/2016,2:20:00 PM,SAND,5
8,2,02/05/2017,7:42:00 AM,DUNL,1
8,2,02/05/2017,7:42:00 AM,SAND,30
8,2,02/05/2017,7:42:00 AM,SEPL,14
8,2,02/05/2017,7:42:00 AM,WESA,56
8,2,11/05/2017,2:58:00 PM,DUNL,4
8,2,11/05/2017,2:58:00 PM,SAND,14
8,2,11/05/2017,2:58:00 PM,SEPL,30
8,2,11/05/2017,2:58:00 PM,WESA,15
8,2,18/05/2017,2:29:00 PM,DUNL,9
8,2,18/05/2017,2:29:00 PM,SAND,104
8,2,18/05/2017,2:29:00 PM,SEPL,5
8,2,18/05/2017,2:29:00 PM,WESA,56
8,2,20/07/2017,9:55:00 AM,SAND,4
8,2,20/07/2017,9:55:00 AM,SEPL,69
8,2,20/07/2017,9:55:00 AM,WESA,51
8,2,15/08/2017,4:52:00 PM,WESA,9
8,2,21/08/2017,8:30:00 AM,BLTU,3
8,2,25/08/2017,12:18:00 PM,PEEP,26
8,2,06/09/2017,1:17:00 PM,SEPL,12
8,2,18/09/2017,11:52:00 AM,SAND,249
8,2,18/09/2017,11:52:00 AM,WESA,72
8,2,27/09/2017,10:13:00 AM,SAND,56
9,2,27/07/2011,1:27:45 PM,SEPL,9
9,2,02/08/2011,6:52:00 AM,SAND,25
9,2,02/08/2011,6:52:00 AM,SEPL,28
9,2,02/08/2011,6:52:00 AM,WESA,3
9,2,13/08/2011,2:24:55 PM,SAND,28
9,2,13/08/2011,2:24:55 PM,WESA,127
9,2,15/08/2011,10:58:29 AM,SAND,185
9,2,15/08/2011,10:58:29 AM,WESA,85
9,2,25/08/2011,10:02:45 AM,SAND,10
9,2,25/08/2011,10:02:45 AM,SEPL,5
9,2,25/08/2011,10:02:45 AM,WESA,100
9,2,02/09/2011,8:52:00 AM,SEPL,17
9,2,05/09/2011,10:06:00 AM,SAND,15
9,2,26/04/2012,6:21:00 PM,BBPL,2
9,2,26/04/2012,6:21:00 PM,DUNL,15
9,2,26/04/2012,6:21:00 PM,SEPL,108
9,2,26/04/2012,6:21:00 PM,WESA,57
9,2,17/05/2012,12:56:00 PM,WHIM,4
9,2,17/07/2012,6:58:00 AM,KILL,1
9,2,24/07/2012,10:04:00 AM,WESA,1
9,2,27/07/2012,3:40:00 PM,SAND,3
9,2,27/07/2012,3:40:00 PM,SEPL,35
9,2,27/07/2012,3:40:00 PM,WESA,33
9,2,03/08/2012,7:15:00 AM,LESA,40
9,2,03/08/2012,7:15:00 AM,SAND,16
9,2,03/08/2012,7:15:00 AM,SEPL,30
9,2,03/08/2012,7:15:00 AM,WESA,142
9,2,07/08/2012,6:34:00 AM,KILL,1
9,2,07/08/2012,6:34:00 AM,LESA,11
9,2,07/08/2012,6:34:00 AM,SEPL,12
9,2,07/08/2012,6:34:00 AM,WESA,11
9,2,08/08/2012,4:29:00 PM,SAND,37
9,2,08/08/2012,4:29:00 PM,SEPL,6
9,2,08/08/2012,4:29:00 PM,WESA,74
9,2,14/08/2012,11:52:00 AM,KILL,7
9,2,14/08/2012,11:52:00 AM,SAND,10
9,2,14/08/2012,11:52:00 AM,SEPL,23
9,2,14/08/2012,11:52:00 AM,WESA,43
9,2,30/08/2012,2:35:00 PM,SAND,8
9,2,30/08/2012,2:35:00 PM,WESA,2
9,2,04/09/2012,1:42:00 PM,SAND,40
9,2,18/09/2012,12:13:00 PM,BLTU,2
9,2,05/05/2013,4:57:00 PM,SAND,13
9,2,05/05/2013,4:57:00 PM,SEPL,22
9,2,05/05/2013,4:57:00 PM,WESA,7
9,2,17/05/2013,12:40:00 PM,BLOY,2
9,2,24/07/2013,9:45:00 AM,SAND,12
9,2,30/07/2013,11:24:00 AM,SEPL,24
9,2,30/07/2013,11:24:00 AM,WESA,18
9,2,05/08/2013,9:50:00 AM,SAND,15
9,2,05/08/2013,9:50:00 AM,SEPL,40
9,2,05/08/2013,9:50:00 AM,WESA,6
9,2,12/08/2013,1:45:00 PM,SAND,27
9,2,12/08/2013,1:45:00 PM,SEPL,26
9,2,12/08/2013,1:45:00 PM,WESA,22
9,2,24/08/2013,9:51:00 AM,WESA,1
9,2,01/09/2013,9:25:00 AM,LESA,9
9,2,01/09/2013,9:25:00 AM,SAND,132
9,2,01/09/2013,9:25:00 AM,SEPL,11
9,2,01/09/2013,9:25:00 AM,WESA,160
9,2,16/09/2013,7:38:00 AM,REKN,2
9,2,16/09/2013,7:38:00 AM,WESA,1
9,2,14/07/2014,2:18:00 PM,SEPL,27
9,2,14/07/2014,2:18:00 PM,WESA,31
9,2,21/07/2014,12:45:00 PM,SAND,6
9,2,21/07/2014,12:45:00 PM,SEPL,40
9,2,21/07/2014,12:45:00 PM,WESA,90
9,2,07/08/2014,10:00:00 AM,SAND,9
9,2,07/08/2014,10:00:00 AM,SEPL,41
9,2,07/08/2014,10:00:00 AM,WESA,38
9,2,19/08/2014,9:50:00 AM,WESA,2
9,2,27/08/2014,8:20:00 AM,SEPL,4
9,2,09/09/2014,9:26:00 AM,SAND,410
9,2,09/09/2014,9:26:00 AM,WESA,40
9,2,26/09/2014,12:30:00 PM,BBPL,6
9,2,26/09/2014,12:30:00 PM,SAND,93
9,2,26/09/2014,12:30:00 PM,SEPL,4
9,2,26/09/2014,12:30:00 PM,WESA,18
9,2,29/04/2015,10:35:00 AM,SAND,2
9,2,29/04/2015,10:35:00 AM,WESA,194
9,2,08/05/2015,12:25:00 PM,DUNL,10
9,2,08/05/2015,12:25:00 PM,SEPL,18
9,2,08/05/2015,12:25:00 PM,WESA,18
9,2,08/05/2015,12:25:00 PM,WHIM,2
9,2,13/05/2015,11:44:00 AM,BBPL,6
9,2,13/05/2015,11:44:00 AM,DUNL,10
9,2,13/05/2015,11:44:00 AM,RUTU,5
9,2,13/05/2015,11:44:00 AM,SAND,29
9,2,13/05/2015,11:44:00 AM,SEPL,41
9,2,13/05/2015,11:44:00 AM,WESA,90
9,2,13/05/2015,11:44:00 AM,WHIM,23
9,2,26/05/2015,10:24:00 AM,SAND,16
9,2,28/07/2015,3:37:00 PM,WESA,70
9,2,07/08/2015,11:37:00 AM,SEPL,10
9,2,07/08/2015,11:37:00 AM,WESA,5
9,2,24/08/2015,4:40:00 PM,WESA,5
9,2,25/08/2015,3:16:00 PM,SAND,9
9,2,25/08/2015,3:16:00 PM,WESA,20
9,2,23/09/2015,8:22:00 AM,SAND,182
9,2,27/04/2016,1:30:00 PM,DUNL,25
9,2,27/04/2016,1:30:00 PM,SEPL,5
9,2,02/05/2016,1:25:00 PM,DUNL,55
9,2,02/05/2016,1:25:00 PM,MAGO,1
9,2,02/05/2016,1:25:00 PM,SEPL,63
9,2,02/05/2016,1:25:00 PM,WESA,448
9,2,02/05/2016,1:25:00 PM,WHIM,18
9,2,11/05/2016,3:55:00 PM,BBPL,1
9,2,11/05/2016,3:55:00 PM,DUNL,17
9,2,11/05/2016,3:55:00 PM,SAND,2
9,2,11/05/2016,3:55:00 PM,SEPL,24
9,2,11/05/2016,3:55:00 PM,WESA,204
9,2,22/07/2016,8:18:00 AM,SEPL,20
9,2,22/07/2016,8:18:00 AM,WESA,20
9,2,02/08/2016,1:55:00 PM,WESA,8
9,2,17/08/2016,12:20:00 PM,PEEP,15
9,2,17/08/2016,12:20:00 PM,SEPL,2
9,2,17/08/2016,12:20:00 PM,WESA,12
9,2,31/08/2016,5:23:00 PM,BBPL,1
9,2,31/08/2016,5:23:00 PM,SAND,33
9,2,31/08/2016,5:23:00 PM,SEPL,2
9,2,31/08/2016,5:23:00 PM,WESA,145
9,2,16/09/2016,11:44:00 AM,SAND,133
9,2,16/09/2016,11:44:00 AM,WESA,1
9,2,23/09/2016,7:32:00 AM,WESA,1
9,2,01/05/2017,5:15:00 PM,PEEP,400
9,2,01/05/2017,5:15:00 PM,SEPL,22
9,2,01/05/2017,5:15:00 PM,WESA,3
9,2,17/05/2017,1:06:00 PM,SEPL,10
9,2,17/05/2017,1:06:00 PM,WESA,30
9,2,17/05/2017,1:06:00 PM,WHIM,30
9,2,24/07/2017,3:35:00 PM,WHIM,1
9,2,14/08/2017,1:45:00 PM,SAND,2
9,2,14/08/2017,1:45:00 PM,WESA,7
9,2,29/08/2017,2:32:00 PM,PEEP,9
9,2,29/08/2017,2:32:00 PM,SAND,24
9,2,29/08/2017,2:32:00 PM,SEPL,8
9,2,29/08/2017,2:32:00 PM,WESA,6
9,2,08/09/2017,1:47:00 PM,PEEP,45
9,2,08/09/2017,1:47:00 PM,SAND,60
9,2,08/09/2017,1:47:00 PM,WESA,94
9,2,21/09/2017,11:44:00 AM,SAND,14
10,2,10/08/2011,10:18:11 AM,SEPL,3
10,2,10/08/2011,10:18:11 AM,WESA,10
10,2,24/08/2011,6:13:40 PM,WESA,40
10,2,01/09/2011,2:26:00 PM,SAND,5
10,2,01/09/2011,2:26:00 PM,WESA,5
10,2,13/05/2012,10:03:00 AM,SAND,11
10,2,13/05/2012,10:03:00 AM,SEPL,15
10,2,13/05/2012,10:03:00 AM,WHIM,2
10,2,22/05/2012,6:34:00 PM,WHIM,6
10,2,28/05/2012,12:59:00 PM,WHIM,1
10,2,18/07/2012,10:21:00 AM,WESA,13
10,2,23/07/2012,8:10:00 AM,WESA,51
10,2,03/08/2012,9:05:00 AM,SAND,9
10,2,03/08/2012,9:05:00 AM,WESA,3
10,2,10/08/2012,1:09:00 PM,KILL,2
10,2,14/08/2012,2:55:00 PM,SEPL,7
10,2,21/08/2012,9:19:00 AM,SAND,82
10,2,21/08/2012,9:19:00 AM,SEPL,6
10,2,21/08/2012,9:19:00 AM,WESA,24
10,2,05/09/2012,8:20:00 AM,BLTU,5
10,2,05/09/2012,8:20:00 AM,WESA,11
10,2,28/04/2013,8:41:00 AM,WESA,53
10,2,07/05/2013,10:30:00 AM,SAND,13
10,2,07/05/2013,10:30:00 AM,SEPL,25
10,2,15/05/2013,10:18:00 AM,SAND,40
10,2,23/07/2013,6:44:00 AM,SEPL,10
10,2,27/08/2013,3:40:00 PM,SAND,49
10,2,27/08/2013,3:40:00 PM,SEPL,9
10,2,27/08/2013,3:40:00 PM,WESA,10
10,2,17/07/2014,11:51:00 AM,WESA,15
10,2,30/07/2014,5:20:45 PM,WESA,43
10,2,20/08/2014,10:30:00 AM,SAND,100
10,2,20/08/2014,10:30:00 AM,SEPL,21
10,2,20/08/2014,10:30:00 AM,WESA,3
10,2,29/08/2014,10:47:00 AM,WESA,2
10,2,04/09/2014,9:58:00 AM,SAND,115
10,2,04/09/2014,9:58:00 AM,SEPL,5
10,2,04/09/2014,9:58:00 AM,WESA,1
10,2,24/04/2015,12:04:00 PM,WESA,550
10,2,01/05/2015,1:55:00 PM,SEPL,41
10,2,01/05/2015,1:55:00 PM,WESA,248
10,2,08/05/2015,10:25:00 AM,DUNL,6
10,2,08/05/2015,10:25:00 AM,RUTU,1
10,2,08/05/2015,10:25:00 AM,SEPL,43
10,2,08/05/2015,10:25:00 AM,WESA,174
10,2,31/07/2015,10:36:00 AM,BBPL,2
10,2,14/08/2015,5:58:00 PM,WESA,5
10,2,18/08/2015,3:08:00 PM,SAND,22
10,2,18/08/2015,3:08:00 PM,WESA,15
10,2,01/09/2015,2:13:00 PM,SAND,40
10,2,01/09/2015,2:13:00 PM,WESA,66
10,2,04/09/2015,9:40:00 AM,SAND,23
10,2,04/09/2015,9:40:00 AM,WESA,3
10,2,26/04/2016,2:25:00 PM,DUNL,42
10,2,26/04/2016,2:25:00 PM,SAND,8
10,2,26/04/2016,2:25:00 PM,SEPL,231
10,2,26/04/2016,2:25:00 PM,WESA,240
10,2,04/05/2016,8:25:00 AM,BBPL,3
10,2,04/05/2016,8:25:00 AM,DUNL,19
10,2,04/05/2016,8:25:00 AM,SEPL,40
10,2,04/05/2016,8:25:00 AM,WESA,93
10,2,08/05/2016,1:03:00 PM,WESA,67
10,2,08/05/2016,1:03:00 PM,WHIM,39
10,2,19/05/2016,1:03:00 PM,DUNL,62
10,2,19/05/2016,1:03:00 PM,SAND,308
10,2,19/05/2016,1:03:00 PM,SEPL,47
10,2,19/05/2016,1:03:00 PM,WESA,60
10,2,14/07/2016,8:07:00 AM,SEPL,4
10,2,14/07/2016,8:07:00 AM,WESA,90
10,2,19/07/2016,10:44:00 AM,WESA,128
10,2,11/08/2016,3:50:00 PM,PEEP,55
10,2,11/08/2016,3:50:00 PM,SEPL,33
10,2,11/08/2016,3:50:00 PM,WESA,199
10,2,12/08/2016,2:38:00 PM,BASA,1
10,2,12/08/2016,2:38:00 PM,LESA,1
10,2,12/08/2016,2:38:00 PM,PEEP,190
10,2,12/08/2016,2:38:00 PM,SAND,40
10,2,12/08/2016,2:38:00 PM,SEPL,99
10,2,12/08/2016,2:38:00 PM,WESA,199
10,2,16/08/2016,1:32:00 PM,PEEP,4
10,2,16/08/2016,1:32:00 PM,SAND,1
10,2,16/08/2016,1:32:00 PM,SEPL,14
10,2,16/08/2016,1:32:00 PM,WESA,19
10,2,21/04/2017,8:50:00 AM,SEPL,18
10,2,21/04/2017,8:50:00 AM,WESA,7
10,2,25/04/2017,3:19:00 PM,PEEP,300
10,2,25/04/2017,3:19:00 PM,SEPL,3
10,2,05/05/2017,7:04:00 AM,DUNL,17
10,2,05/05/2017,7:04:00 AM,PEEP,135
10,2,05/05/2017,7:04:00 AM,SEPL,78
10,2,05/05/2017,7:04:00 AM,WESA,410
10,2,08/05/2017,10:15:00 AM,DUNL,14
10,2,08/05/2017,10:15:00 AM,SAND,11
10,2,08/05/2017,10:15:00 AM,SEPL,58
10,2,08/05/2017,10:15:00 AM,WESA,41
10,2,02/08/2017,12:48:00 PM,WESA,1
10,2,10/08/2017,9:49:00 AM,SAND,1
10,2,10/08/2017,9:49:00 AM,WESA,5
10,2,16/08/2017,11:00:00 AM,SAND,2
10,2,16/08/2017,11:00:00 AM,SEPL,43
10,2,16/08/2017,11:00:00 AM,WESA,16
11,1,22/07/2011,3:02:18 PM,LESA,1
11,1,22/07/2011,3:02:18 PM,SAND,4
11,1,22/07/2011,3:02:18 PM,SEPL,4
11,1,10/08/2011,8:52:13 AM,SEPL,7
11,1,10/08/2011,8:52:13 AM,WESA,40
11,1,15/08/2011,12:44:23 PM,WESA,95
11,1,26/08/2011,7:34:00 AM,BLTU,8
11,1,26/08/2011,7:34:00 AM,SAND,15
11,1,26/08/2011,7:34:00 AM,WESA,82
11,1,04/09/2011,4:16:00 PM,SAND,165
11,1,04/09/2011,4:16:00 PM,WESA,5
11,1,26/04/2012,5:30:00 PM,WESA,41
11,1,16/05/2012,6:57:00 AM,BLOY,2
11,1,16/05/2012,6:57:00 AM,WHIM,2
11,1,21/05/2012,3:50:00 PM,BLOY,2
11,1,19/07/2012,11:40:00 AM,SAND,16
11,1,19/07/2012,11:40:00 AM,SEPL,23
11,1,19/07/2012,11:40:00 AM,WESA,89
11,1,31/07/2012,11:37:00 AM,KILL,1
11,1,31/07/2012,11:37:00 AM,WHIM,2
11,1,06/08/2012,12:46:00 PM,BLOY,2
11,1,06/08/2012,12:46:00 PM,SAND,1
11,1,06/08/2012,12:46:00 PM,SEPL,13
11,1,06/08/2012,12:46:00 PM,WESA,2
11,1,09/08/2012,2:51:00 PM,BLOY,1
11,1,09/08/2012,2:51:00 PM,SAND,15
11,1,09/08/2012,2:51:00 PM,SEPL,2
11,1,09/08/2012,2:51:00 PM,WESA,32
11,1,13/08/2012,6:11:00 AM,SAND,36
11,1,13/08/2012,6:11:00 AM,SEPL,55
11,1,13/08/2012,6:11:00 AM,SURF,30
11,1,13/08/2012,6:11:00 AM,WESA,23
11,1,30/08/2012,3:35:00 PM,SAND,13
11,1,30/08/2012,3:35:00 PM,WESA,1
11,1,02/10/2012,8:48:00 AM,BLOY,4
11,1,02/10/2012,8:48:00 AM,SAND,3
11,1,24/04/2013,10:47:00 AM,BLOY,1
11,1,04/05/2013,9:53:00 AM,BLOY,2
11,1,04/05/2013,9:53:00 AM,DUNL,26
11,1,04/05/2013,9:53:00 AM,SEPL,29
11,1,04/05/2013,9:53:00 AM,WESA,168
11,1,09/05/2013,10:50:00 AM,BLOY,5
11,1,20/05/2013,5:17:00 PM,BLOY,1
11,1,19/07/2013,3:36:00 PM,BLOY,2
11,1,19/07/2013,3:36:00 PM,SEPL,10
11,1,19/07/2013,3:36:00 PM,SURF,15
11,1,31/07/2013,6:45:00 AM,BLOY,4
11,1,05/08/2013,4:25:00 PM,BLOY,1
11,1,05/08/2013,4:25:00 PM,SURF,3
11,1,13/08/2013,10:09:00 AM,SEPL,2
11,1,20/08/2013,7:35:00 AM,GRYE,2
11,1,20/08/2013,7:35:00 AM,WESA,20
11,1,25/08/2013,4:17:00 PM,WESA,5
11,1,17/09/2013,7:30:00 AM,WESA,5
11,1,07/08/2014,8:28:00 AM,BLTU,1
11,1,07/08/2014,8:28:00 AM,SEPL,13
11,1,07/08/2014,8:28:00 AM,WESA,15
11,1,26/08/2014,4:03:00 PM,SAND,27
11,1,26/08/2014,4:03:00 PM,SEPL,5
11,1,26/08/2014,4:03:00 PM,WESA,4
11,1,27/08/2014,5:28:00 PM,SEPL,2
11,1,05/09/2014,4:06:00 PM,SAND,124
11,1,05/09/2014,4:06:00 PM,WESA,6
11,1,23/09/2014,1:08:00 PM,BLOY,25
11,1,23/09/2014,1:08:00 PM,SAND,385
11,1,23/09/2014,1:08:00 PM,UNSHOREBIRD,1
11,1,23/09/2014,1:08:00 PM,WESA,16
11,1,29/04/2015,9:30:00 AM,LESA,2
11,1,29/04/2015,9:30:00 AM,SEPL,22
11,1,29/04/2015,9:30:00 AM,WESA,6
11,1,05/05/2015,1:35:00 PM,DUNL,2
11,1,05/05/2015,1:35:00 PM,SAND,3
11,1,05/05/2015,1:35:00 PM,SEPL,18
11,1,05/05/2015,1:35:00 PM,WESA,6
11,1,06/05/2015,1:15:00 PM,WESA,65
11,1,12/05/2015,2:00:00 PM,WESA,50
11,1,16/07/2015,9:24:00 AM,BBPL,1
11,1,16/07/2015,9:24:00 AM,BLOY,4
11,1,23/07/2015,11:08:00 AM,BLOY,1
11,1,29/07/2015,7:11:00 AM,SAND,8
11,1,29/07/2015,7:11:00 AM,SURF,100
11,1,29/07/2015,7:11:00 AM,WESA,33
11,1,14/08/2015,3:00:00 PM,SAND,21
11,1,14/08/2015,3:00:00 PM,SEPL,3
11,1,14/08/2015,3:00:00 PM,WESA,64
11,1,26/08/2015,6:26:00 AM,SAND,28
11,1,31/08/2015,8:52:00 AM,SAND,32
11,1,31/08/2015,8:52:00 AM,SURF,10
11,1,31/08/2015,8:52:00 AM,WESA,153
11,1,25/04/2016,1:20:00 PM,BBPL,7
11,1,25/04/2016,1:20:00 PM,DUNL,25
11,1,25/04/2016,1:20:00 PM,SEPL,80
11,1,25/04/2016,1:20:00 PM,WESA,94
11,1,02/05/2016,8:42:00 AM,BBPL,7
11,1,02/05/2016,8:42:00 AM,DUNL,8
11,1,02/05/2016,8:42:00 AM,LESA,10
11,1,02/05/2016,8:42:00 AM,SBDO,3
11,1,02/05/2016,8:42:00 AM,WESA,276
11,1,03/05/2016,12:25:00 PM,BBPL,2
11,1,03/05/2016,12:25:00 PM,BLOY,2
11,1,03/05/2016,12:25:00 PM,DUNL,17
11,1,03/05/2016,12:25:00 PM,LESA,4
11,1,03/05/2016,12:25:00 PM,SEPL,37
11,1,03/05/2016,12:25:00 PM,WESA,335
11,1,06/05/2016,2:38:00 PM,BBPL,2
11,1,06/05/2016,2:38:00 PM,DUNL,3
11,1,06/05/2016,2:38:00 PM,SEPL,11
11,1,06/05/2016,2:38:00 PM,WESA,102
11,1,19/07/2016,8:11:00 AM,BLOY,2
11,1,19/07/2016,8:11:00 AM,WESA,36
11,1,04/08/2016,8:04:00 AM,SEPL,1
11,1,04/08/2016,8:04:00 AM,WESA,5
11,1,10/08/2016,7:09:00 AM,WESA,34
11,1,12/08/2016,12:01:00 PM,BASA,2
11,1,12/08/2016,12:01:00 PM,LESA,28
11,1,12/08/2016,12:01:00 PM,SAND,1
11,1,12/08/2016,12:01:00 PM,SEPL,69
11,1,12/08/2016,12:01:00 PM,SESA,2
11,1,12/08/2016,12:01:00 PM,WESA,307
11,1,23/08/2016,9:07:00 AM,BASA,1
11,1,23/08/2016,9:07:00 AM,KILL,1
11,1,23/08/2016,9:07:00 AM,LESA,7
11,1,23/08/2016,9:07:00 AM,SEPL,18
11,1,23/08/2016,9:07:00 AM,WESA,6
11,1,29/08/2016,1:10:00 PM,BLOY,2
11,1,29/08/2016,1:10:00 PM,PEEP,4
11,1,29/08/2016,1:10:00 PM,SAND,23
11,1,29/08/2016,1:10:00 PM,WESA,57
11,1,06/09/2016,2:31:00 PM,SAND,40
11,1,27/09/2016,1:18:00 PM,BLOY,3
11,1,01/05/2017,3:58:00 PM,BBPL,5
11,1,01/05/2017,3:58:00 PM,LESA,2
11,1,01/05/2017,3:58:00 PM,WESA,70
11,1,04/05/2017,7:43:00 AM,BBPL,1
11,1,04/05/2017,7:43:00 AM,DUNL,9
11,1,04/05/2017,7:43:00 AM,RUTU,1
11,1,04/05/2017,7:43:00 AM,SEPL,85
11,1,04/05/2017,7:43:00 AM,WESA,318
11,1,12/07/2017,6:09:00 AM,BLOY,1
11,1,02/08/2017,4:16:00 PM,LESA,3
11,1,02/08/2017,4:16:00 PM,SEPL,4
11,1,02/08/2017,4:16:00 PM,WESA,58
11,1,15/08/2017,7:58:00 AM,LESA,7
11,1,15/08/2017,7:58:00 AM,SBDO,1
11,1,15/08/2017,7:58:00 AM,SEPL,4
11,1,15/08/2017,7:58:00 AM,SURF,25
11,1,15/08/2017,7:58:00 AM,WESA,10
11,1,21/08/2017,9:13:00 AM,SBDO,2
11,1,21/08/2017,9:13:00 AM,SURF,1
11,1,21/08/2017,9:13:00 AM,WESA,1
11,1,29/08/2017,3:24:00 PM,LESA,1
12,1,25/07/2011,4:43:56 PM,SEPL,3
12,1,25/07/2011,4:43:56 PM,WESA,1
12,1,31/07/2011,8:33:22 AM,SEPL,2
12,1,08/08/2011,11:34:37 AM,SAND,27
12,1,08/08/2011,11:34:37 AM,SEPL,7
12,1,08/08/2011,11:34:37 AM,WESA,29
12,1,10/08/2011,1:28:55 PM,SEPL,1
12,1,10/08/2011,1:28:55 PM,WESA,112
12,1,21/08/2011,8:10:10 AM,WESA,15
12,1,25/08/2011,5:25:48 PM,SAND,119
12,1,23/04/2012,1:04:00 PM,SAND,1
12,1,23/04/2012,1:04:00 PM,SEPL,15
12,1,23/04/2012,1:04:00 PM,WESA,720
12,1,10/05/2012,6:12:00 PM,SEPL,12
12,1,10/05/2012,6:12:00 PM,WHIM,17
12,1,14/05/2012,2:43:00 PM,BBPL,1
12,1,14/05/2012,2:43:00 PM,SAND,60
12,1,14/05/2012,2:43:00 PM,SEPL,5
12,1,14/05/2012,2:43:00 PM,WESA,20
12,1,23/05/2012,6:25:00 PM,BLOY,8
12,1,22/07/2012,2:30:00 PM,SAND,2
12,1,22/07/2012,2:30:00 PM,SEPL,8
12,1,22/07/2012,2:30:00 PM,WESA,105
12,1,08/08/2012,7:32:00 AM,SAND,16
12,1,08/08/2012,7:32:00 AM,SEPL,4
12,1,16/08/2012,3:26:00 PM,LESA,5
12,1,16/08/2012,3:26:00 PM,WESA,5
12,1,24/08/2012,1:30:00 PM,SEPL,3
12,1,27/04/2013,12:48:00 PM,BBPL,14
12,1,27/04/2013,12:48:00 PM,DUNL,12
12,1,27/04/2013,12:48:00 PM,KILL,4
12,1,27/04/2013,12:48:00 PM,SBDO,13
12,1,27/04/2013,12:48:00 PM,SEPL,33
12,1,27/04/2013,12:48:00 PM,WESA,68
12,1,03/05/2013,1:25:00 PM,SAND,1
12,1,03/05/2013,1:25:00 PM,SEPL,63
12,1,03/05/2013,1:25:00 PM,WESA,1
12,1,07/05/2013,1:31:00 PM,DUNL,14
12,1,07/05/2013,1:31:00 PM,SEPL,14
12,1,07/05/2013,1:31:00 PM,WESA,47
12,1,15/05/2013,11:05:00 AM,SEPL,5
12,1,20/07/2013,12:04:00 PM,SAND,159
12,1,20/07/2013,12:04:00 PM,SEPL,80
12,1,20/07/2013,12:04:00 PM,WESA,30
12,1,30/07/2013,5:00:00 PM,WESA,1
12,1,08/08/2013,8:09:00 AM,SAND,1
12,1,08/08/2013,8:09:00 AM,SEPL,3
12,1,01/09/2013,10:27:00 AM,LESA,7
12,1,01/09/2013,10:27:00 AM,SAND,26
12,1,01/09/2013,10:27:00 AM,SEPL,78
12,1,01/09/2013,10:27:00 AM,WESA,27
12,1,09/09/2013,2:37:00 PM,SAND,104
12,1,09/09/2013,2:37:00 PM,SEPL,15
12,1,09/09/2013,2:37:00 PM,WESA,10
12,1,14/07/2014,8:10:00 AM,SEPL,12
12,1,14/07/2014,8:10:00 AM,WESA,8
12,1,30/07/2014,2:53:00 PM,WESA,155
12,1,05/08/2014,9:50:00 AM,LESA,1
12,1,05/08/2014,9:50:00 AM,SAND,8
12,1,05/08/2014,9:50:00 AM,SEPL,20
12,1,05/08/2014,9:50:00 AM,WESA,4
12,1,26/08/2014,3:17:00 PM,WESA,53
12,1,27/08/2014,4:42:00 PM,SAND,129
12,1,27/08/2014,4:42:00 PM,SEPL,6
12,1,27/08/2014,4:42:00 PM,WESA,9
12,1,29/09/2014,9:52:00 AM,SAND,7
12,1,27/04/2015,9:30:00 AM,SEPL,59
12,1,05/05/2015,9:55:00 AM,DUNL,29
12,1,05/05/2015,9:55:00 AM,SEPL,102
12,1,05/05/2015,9:55:00 AM,WESA,285
12,1,12/05/2015,12:35:00 PM,WESA,6
12,1,12/05/2015,12:35:00 PM,WHIM,16
12,1,22/05/2015,12:20:00 PM,DUNL,2
12,1,22/05/2015,12:20:00 PM,SAND,80
12,1,22/05/2015,12:20:00 PM,SEPL,10
12,1,22/05/2015,12:20:00 PM,WESA,35
12,1,15/07/2015,10:48:00 AM,WESA,35
12,1,22/07/2015,8:34:00 AM,BLOY,3
12,1,22/07/2015,8:34:00 AM,SAND,1
12,1,22/07/2015,8:34:00 AM,SEPL,26
12,1,27/07/2015,8:45:00 AM,SEPL,56
12,1,12/08/2015,12:29:00 PM,SAND,12
12,1,12/08/2015,12:29:00 PM,WESA,2
12,1,27/08/2015,11:47:00 AM,SAND,8
12,1,27/08/2015,11:47:00 AM,SEPL,3
12,1,04/09/2015,10:55:00 AM,BASA,2
12,1,04/09/2015,10:55:00 AM,WESA,2
12,1,26/04/2016,4:15:00 PM,DUNL,5
12,1,26/04/2016,4:15:00 PM,SEPL,5
12,1,26/04/2016,4:15:00 PM,WESA,100
12,1,29/04/2016,10:17:00 AM,SEPL,7
12,1,29/04/2016,10:17:00 AM,WESA,3
12,1,29/04/2016,10:17:00 AM,WHIM,8
12,1,10/05/2016,9:35:00 AM,DUNL,85
12,1,10/05/2016,9:35:00 AM,SEPL,227
12,1,10/05/2016,9:35:00 AM,SNPL,1
12,1,10/05/2016,9:35:00 AM,WESA,117
12,1,24/05/2016,10:56:00 AM,SAND,42
12,1,12/07/2016,3:39:00 PM,LESA,5
12,1,12/07/2016,3:39:00 PM,SAND,16
12,1,12/07/2016,3:39:00 PM,SEPL,58
12,1,12/07/2016,3:39:00 PM,WESA,792
12,1,22/07/2016,7:30:00 AM,LESA,15
12,1,22/07/2016,7:30:00 AM,SAND,52
12,1,22/07/2016,7:30:00 AM,SEPL,113
12,1,22/07/2016,7:30:00 AM,WESA,39
12,1,25/07/2016,1:08:00 PM,SAND,106
12,1,25/07/2016,1:08:00 PM,SEPL,6
12,1,25/07/2016,1:08:00 PM,WESA,83
12,1,08/08/2016,6:34:00 AM,LESA,10
12,1,08/08/2016,6:34:00 AM,SEPL,1
12,1,08/08/2016,6:34:00 AM,WESA,1
12,1,18/08/2016,7:56:00 AM,LESA,1
12,1,18/08/2016,7:56:00 AM,SAND,8
12,1,18/08/2016,7:56:00 AM,WESA,58
12,1,24/08/2016,4:16:00 PM,LESA,1
12,1,24/08/2016,4:16:00 PM,PEEP,2
12,1,24/08/2016,4:16:00 PM,SAND,36
12,1,24/08/2016,4:16:00 PM,SBDO,1
12,1,24/08/2016,4:16:00 PM,SEPL,7
12,1,24/08/2016,4:16:00 PM,WESA,18
12,1,30/08/2016,7:32:00 AM,SAND,5
12,1,30/08/2016,7:32:00 AM,WESA,17
12,1,27/04/2017,11:38:00 AM,PEEP,220
12,1,27/04/2017,11:38:00 AM,WESA,12
12,1,28/04/2017,12:46:00 PM,SAND,13
12,1,28/04/2017,12:46:00 PM,SEPL,30
12,1,28/04/2017,12:46:00 PM,WESA,213
12,1,09/05/2017,8:06:00 AM,SAND,3
12,1,09/05/2017,8:06:00 AM,SEPL,9
12,1,09/05/2017,8:06:00 AM,WESA,40
12,1,19/05/2017,6:46:00 AM,PEEP,20
12,1,19/05/2017,6:46:00 AM,SAND,10
12,1,19/05/2017,6:46:00 AM,WESA,66
12,1,14/07/2017,1:30:00 PM,LESA,3
12,1,14/07/2017,1:30:00 PM,SAND,130
12,1,18/07/2017,7:36:00 AM,LESA,3
12,1,18/07/2017,7:36:00 AM,SAND,9
12,1,18/07/2017,7:36:00 AM,SEPL,211
12,1,18/07/2017,7:36:00 AM,WESA,43
12,1,28/07/2017,9:39:00 AM,LESA,1
12,1,01/08/2017,7:29:00 AM,BBPL,5
12,1,01/08/2017,7:29:00 AM,SAND,6
12,1,01/08/2017,7:29:00 AM,SEPL,46
12,1,01/08/2017,7:29:00 AM,WESA,32
12,1,11/08/2017,6:48:00 AM,GRYE,1
12,1,11/08/2017,6:48:00 AM,KILL,2
12,1,11/08/2017,6:48:00 AM,LESA,3
12,1,11/08/2017,6:48:00 AM,SAND,14
12,1,11/08/2017,6:48:00 AM,SEPL,25
12,1,11/08/2017,6:48:00 AM,WESA,44
12,1,05/09/2017,12:28:00 PM,SAND,1
12,1,05/09/2017,12:28:00 PM,WESA,2
12,1,21/09/2017,10:30:00 AM,SAND,398
12,1,21/09/2017,10:30:00 AM,SEPL,1
12,1,21/09/2017,10:30:00 AM,WESA,16
13,1,30/07/2011,1:14:49 PM,WESA,15
13,1,09/08/2011,5:32:37 PM,SAND,77
13,1,09/08/2011,5:32:37 PM,SEPL,8
13,1,10/08/2011,2:53:38 PM,SAND,33
13,1,10/08/2011,2:53:38 PM,SEPL,4
13,1,10/08/2011,2:53:38 PM,WESA,5
13,1,18/08/2011,1:08:40 PM,SAND,70
13,1,18/08/2011,1:08:40 PM,UNSHOREBIRD,10
13,1,18/08/2011,1:08:40 PM,WESA,3
13,1,21/08/2011,9:15:57 AM,SEPL,6
13,1,21/08/2011,9:15:57 AM,WESA,4
13,1,26/08/2011,10:03:16 AM,SAND,3
13,1,26/08/2011,10:03:16 AM,SEPL,6
13,1,16/09/2011,7:18:00 AM,LESA,1
13,1,01/05/2012,12:50:00 PM,BLOY,2
13,1,01/05/2012,12:50:00 PM,DUNL,39
13,1,01/05/2012,12:50:00 PM,SAND,14
13,1,01/05/2012,12:50:00 PM,SEPL,42
13,1,01/05/2012,12:50:00 PM,WESA,92
13,1,05/05/2012,2:33:00 PM,DUNL,3
13,1,05/05/2012,2:33:00 PM,SAND,60
13,1,05/05/2012,2:33:00 PM,SEPL,36
13,1,05/05/2012,2:33:00 PM,WESA,12
13,1,20/05/2012,3:35:00 PM,BLOY,9
13,1,20/05/2012,3:35:00 PM,WHIM,7
13,1,28/05/2012,9:13:00 AM,WHIM,6
13,1,18/07/2012,3:43:00 PM,KILL,7
13,1,18/07/2012,3:43:00 PM,WESA,224
13,1,23/07/2012,3:55:00 PM,SAND,30
13,1,23/07/2012,3:55:00 PM,SEPL,10
13,1,23/07/2012,3:55:00 PM,WESA,53
13,1,30/07/2012,3:17:00 PM,SAND,3
13,1,09/08/2012,3:38:00 PM,SAND,11
13,1,14/08/2012,6:41:00 AM,LESA,3
13,1,14/08/2012,6:41:00 AM,WESA,18
13,1,20/08/2012,12:01:00 PM,GRYE,1
13,1,20/08/2012,12:01:00 PM,SAND,4
13,1,20/08/2012,12:01:00 PM,WESA,39
13,1,26/04/2013,5:03:00 PM,BLOY,6
13,1,26/04/2013,5:03:00 PM,SEPL,5
13,1,26/04/2013,5:03:00 PM,WESA,25
13,1,30/04/2013,12:08:00 PM,BBPL,22
13,1,08/05/2013,5:08:00 PM,BLOY,6
13,1,08/05/2013,5:08:00 PM,DUNL,8
13,1,08/05/2013,5:08:00 PM,WESA,7
13,1,10/05/2013,12:43:00 PM,DUNL,30
13,1,10/05/2013,12:43:00 PM,SAND,10
13,1,10/05/2013,12:43:00 PM,SEPL,3
13,1,10/05/2013,12:43:00 PM,WESA,10
13,1,16/05/2013,8:57:00 AM,BBPL,1
13,1,16/05/2013,8:57:00 AM,BLOY,5
13,1,22/05/2013,7:29:00 AM,DUNL,2
13,1,22/05/2013,7:29:00 AM,SAND,28
13,1,22/05/2013,7:29:00 AM,SEPL,2
13,1,17/07/2013,8:00:00 AM,SAND,5
13,1,21/07/2013,11:08:00 AM,LESA,1
13,1,21/07/2013,11:08:00 AM,SAND,44
13,1,21/07/2013,11:08:00 AM,SEPL,166
13,1,21/07/2013,11:08:00 AM,WESA,50
13,1,01/08/2013,7:22:00 AM,SEPL,1
13,1,05/08/2013,12:42:00 PM,BLOY,2
13,1,21/08/2013,12:15:00 PM,WESA,4
13,1,21/08/2013,12:15:00 PM,WHIM,16
13,1,24/08/2013,1:50:00 PM,BLOY,1
13,1,24/08/2013,1:50:00 PM,WESA,49
13,1,17/07/2014,3:24:00 PM,SEPL,53
13,1,17/07/2014,3:24:00 PM,WESA,15
13,1,21/07/2014,11:48:00 AM,WESA,404
13,1,14/08/2014,3:30:00 PM,LESA,2
13,1,14/08/2014,3:30:00 PM,SAND,69
13,1,14/08/2014,3:30:00 PM,SEPL,49
13,1,14/08/2014,3:30:00 PM,WESA,81
13,1,15/08/2014,11:52:00 AM,SAND,17
13,1,15/08/2014,11:52:00 AM,SEPL,25
13,1,15/08/2014,11:52:00 AM,WESA,17
13,1,04/09/2014,3:46:00 PM,WESA,3
13,1,22/09/2014,9:31:00 AM,BLOY,6
13,1,22/09/2014,9:31:00 AM,SAND,15
13,1,25/09/2014,8:21:00 AM,SAND,83
13,1,25/09/2014,8:21:00 AM,WESA,40
13,1,24/04/2015,2:41:00 PM,BLOY,1
13,1,24/04/2015,2:41:00 PM,SAND,1
13,1,24/04/2015,2:41:00 PM,WESA,330
13,1,30/04/2015,6:35:00 AM,BLOY,2
13,1,30/04/2015,6:35:00 AM,DUNL,22
13,1,30/04/2015,6:35:00 AM,SEPL,32
13,1,30/04/2015,6:35:00 AM,WESA,421
13,1,08/05/2015,1:18:00 PM,BBPL,1
13,1,08/05/2015,1:18:00 PM,DUNL,25
13,1,08/05/2015,1:18:00 PM,SEPL,50
13,1,08/05/2015,1:18:00 PM,WESA,70
13,1,21/05/2015,3:26:00 PM,WHIM,1
13,1,20/07/2015,2:28:00 PM,SEPL,26
13,1,20/07/2015,2:28:00 PM,WESA,23
13,1,23/07/2015,10:30:00 AM,SEPL,41
13,1,07/08/2015,1:08:00 PM,SEPL,7
13,1,07/08/2015,1:08:00 PM,WESA,1
13,1,10/08/2015,12:40:00 PM,SEPL,7
13,1,10/08/2015,12:40:00 PM,WESA,4
13,1,20/08/2015,7:41:00 AM,LESA,33
13,1,20/08/2015,7:41:00 AM,SEPL,19
13,1,20/08/2015,7:41:00 AM,WESA,33
13,1,28/08/2015,10:51:00 AM,WESA,18
13,1,31/08/2015,12:50:00 PM,SAND,6
13,1,31/08/2015,12:50:00 PM,WESA,25
13,1,16/09/2015,2:48:00 PM,SAND,3
13,1,27/04/2016,4:22:00 PM,BBPL,4
13,1,27/04/2016,4:22:00 PM,DUNL,7
13,1,27/04/2016,4:22:00 PM,SEPL,3
13,1,27/04/2016,4:22:00 PM,WESA,83
13,1,29/04/2016,1:10:00 PM,BLOY,2
13,1,29/04/2016,1:10:00 PM,DUNL,2
13,1,29/04/2016,1:10:00 PM,SEPL,7
13,1,29/04/2016,1:10:00 PM,WESA,294
13,1,11/05/2016,11:58:00 AM,DUNL,4
13,1,11/05/2016,11:58:00 AM,SAND,10
13,1,11/05/2016,11:58:00 AM,WESA,92
13,1,11/05/2016,11:58:00 AM,WHIM,4
13,1,13/05/2016,8:08:00 AM,SAND,6
13,1,13/05/2016,8:08:00 AM,SEPL,5
13,1,13/05/2016,8:08:00 AM,WESA,42
13,1,20/07/2016,11:40:00 AM,PEEP,61
13,1,20/07/2016,11:40:00 AM,SAND,7
13,1,20/07/2016,11:40:00 AM,SEPL,6
13,1,20/07/2016,11:40:00 AM,WESA,175
13,1,10/08/2016,8:24:00 AM,BLOY,1
13,1,10/08/2016,8:24:00 AM,LESA,33
13,1,10/08/2016,8:24:00 AM,PEEP,2
13,1,10/08/2016,8:24:00 AM,SAND,1
13,1,10/08/2016,8:24:00 AM,WESA,88
13,1,11/08/2016,5:47:00 PM,SAND,46
13,1,11/08/2016,5:47:00 PM,SEPL,11
13,1,17/08/2016,11:19:00 AM,SEPL,1
13,1,17/08/2016,11:19:00 AM,WESA,10
13,1,23/08/2016,10:05:00 AM,LESA,2
13,1,23/08/2016,10:05:00 AM,SAND,22
13,1,23/08/2016,10:05:00 AM,SBDO,1
13,1,23/08/2016,10:05:00 AM,SEPL,68
13,1,23/08/2016,10:05:00 AM,WESA,10
13,1,26/08/2016,10:00:00 AM,PEEP,8
13,1,24/04/2017,7:50:00 AM,DUNL,1
13,1,24/04/2017,7:50:00 AM,LESA,1
13,1,24/04/2017,7:50:00 AM,SAND,24
13,1,24/04/2017,7:50:00 AM,SEPL,13
13,1,24/04/2017,7:50:00 AM,WESA,9
13,1,01/05/2017,1:08:00 PM,BLOY,2
13,1,01/05/2017,1:08:00 PM,PEEP,304
13,1,01/05/2017,1:08:00 PM,WESA,50
13,1,03/05/2017,4:04:00 PM,BBPL,3
13,1,03/05/2017,4:04:00 PM,WESA,3
13,1,09/05/2017,12:09:00 PM,WESA,100
13,1,10/07/2017,8:43:00 AM,SEPL,14
13,1,10/07/2017,8:43:00 AM,WESA,39
13,1,19/07/2017,5:30:00 PM,BLOY,2
13,1,19/07/2017,5:30:00 PM,LESA,1
13,1,19/07/2017,5:30:00 PM,SAND,7
13,1,19/07/2017,5:30:00 PM,SEPL,94
13,1,19/07/2017,5:30:00 PM,WESA,48
13,1,31/07/2017,4:28:00 PM,LESA,2
13,1,31/07/2017,4:28:00 PM,SEPL,36
13,1,31/07/2017,4:28:00 PM,WESA,4
13,1,24/08/2017,4:30:00 PM,WESA,119
13,1,28/08/2017,12:04:00 PM,SAND,1
13,1,28/08/2017,12:04:00 PM,WESA,2
13,1,11/09/2017,9:46:00 AM,SAND,19
13,1,11/09/2017,9:46:00 AM,WESA,4
14,3,23/07/2011,9:55:55 AM,SAND,10
14,3,23/07/2011,9:55:55 AM,WESA,6
14,3,08/08/2011,1:19:44 PM,SAND,23
14,3,08/08/2011,1:19:44 PM,SEPL,10
14,3,14/08/2011,11:08:28 AM,SAND,6
14,3,14/08/2011,11:08:28 AM,SEPL,1
14,3,14/08/2011,11:08:28 AM,UNSHOREBIRD,5
14,3,14/08/2011,11:08:28 AM,WESA,100
14,3,21/08/2011,4:05:30 PM,WESA,6
14,3,25/08/2011,3:25:50 PM,LESA,2
14,3,25/08/2011,3:25:50 PM,SAND,14
14,3,25/08/2011,3:25:50 PM,WESA,28
14,3,23/04/2012,7:44:00 AM,BBPL,6
14,3,23/04/2012,7:44:00 AM,SAND,2
14,3,23/04/2012,7:44:00 AM,SEPL,1
14,3,23/04/2012,7:44:00 AM,WESA,27
14,3,08/05/2012,9:37:00 AM,SAND,114
14,3,29/05/2012,10:26:00 AM,WHIM,1
14,3,17/07/2012,6:57:00 PM,SEPL,8
14,3,17/07/2012,6:57:00 PM,WESA,4
14,3,10/08/2012,11:03:00 AM,SAND,10
14,3,10/08/2012,11:03:00 AM,WESA,5
14,3,04/09/2012,11:46:00 AM,WESA,3
14,3,27/04/2013,11:55:00 AM,SEPL,22
14,3,27/04/2013,11:55:00 AM,WESA,12
14,3,01/05/2013,1:05:00 PM,SEPL,9
14,3,06/05/2013,10:48:00 AM,SEPL,5
14,3,06/05/2013,10:48:00 AM,WESA,42
14,3,09/05/2013,4:49:00 PM,SEPL,4
14,3,09/05/2013,4:49:00 PM,WHIM,1
14,3,17/05/2013,10:00:00 AM,DUNL,5
14,3,17/05/2013,10:00:00 AM,WHIM,20
14,3,15/07/2013,7:30:00 AM,SAND,10
14,3,15/07/2013,7:30:00 AM,SEPL,1
14,3,19/07/2013,7:14:00 AM,SAND,5
14,3,31/07/2013,8:39:00 AM,SEPL,1
14,3,25/08/2013,7:40:00 AM,SAND,1
14,3,25/08/2013,7:40:00 AM,SEPL,2
14,3,25/08/2013,7:40:00 AM,WESA,11
14,3,27/08/2013,8:40:00 AM,SEPL,18
14,3,27/08/2013,8:40:00 AM,WESA,4
14,3,16/07/2014,9:50:00 AM,BBPL,3
14,3,16/07/2014,9:50:00 AM,SEPL,3
14,3,16/07/2014,9:50:00 AM,WESA,1
14,3,30/07/2014,1:58:00 PM,SAND,5
14,3,30/07/2014,1:58:00 PM,SEPL,96
14,3,30/07/2014,1:58:00 PM,WESA,52
14,3,06/08/2014,9:50:00 AM,WESA,6
14,3,05/09/2014,9:03:00 AM,WESA,2
14,3,27/04/2015,7:50:00 AM,DUNL,2
14,3,27/04/2015,7:50:00 AM,SAND,1
14,3,27/04/2015,7:50:00 AM,SEPL,11
14,3,27/04/2015,7:50:00 AM,WESA,12
14,3,07/05/2015,2:26:00 PM,SAND,5
14,3,07/05/2015,2:26:00 PM,WESA,17
14,3,12/05/2015,1:16:00 PM,WESA,8
14,3,28/07/2015,2:40:00 PM,SAND,4
14,3,07/08/2015,12:30:00 PM,SEPL,15
14,3,11/08/2015,1:50:00 PM,SAND,1
14,3,11/08/2015,1:50:00 PM,WESA,16
14,3,12/08/2015,11:15:00 AM,LESA,4
14,3,12/08/2015,11:15:00 AM,SAND,23
14,3,12/08/2015,11:15:00 AM,SEPL,84
14,3,12/08/2015,11:15:00 AM,WESA,40
14,3,03/09/2015,12:01:00 PM,SAND,25
14,3,24/09/2015,7:55:00 AM,MAGO,1
14,3,24/09/2015,7:55:00 AM,WHIM,1
14,3,25/04/2016,10:35:00 AM,DUNL,50
14,3,25/04/2016,10:35:00 AM,SAND,30
14,3,25/04/2016,10:35:00 AM,SEPL,50
14,3,25/04/2016,10:35:00 AM,WESA,13
14,3,02/05/2016,10:58:00 AM,SEPL,5
14,3,11/05/2016,9:50:00 AM,BBPL,5
14,3,11/05/2016,9:50:00 AM,DUNL,19
14,3,11/05/2016,9:50:00 AM,SAND,9
14,3,11/05/2016,9:50:00 AM,WESA,133
14,3,18/05/2016,6:22:00 AM,DUNL,22
14,3,18/05/2016,6:22:00 AM,SAND,125
14,3,18/05/2016,6:22:00 AM,SEPL,4
14,3,18/05/2016,6:22:00 AM,WESA,10
14,3,18/05/2016,6:22:00 AM,WHIM,6
14,3,26/05/2016,11:45:00 AM,SAND,578
14,3,13/07/2016,9:16:00 AM,LESA,27
14,3,13/07/2016,9:16:00 AM,SAND,11
14,3,13/07/2016,9:16:00 AM,SEPL,60
14,3,13/07/2016,9:16:00 AM,WESA,183
14,3,18/07/2016,3:20:00 PM,GRYE,1
14,3,18/07/2016,3:20:00 PM,KILL,1
14,3,18/07/2016,3:20:00 PM,LESA,1
14,3,04/08/2016,10:30:00 AM,WESA,15
14,3,17/08/2016,8:55:00 AM,RNPH,1
14,3,17/08/2016,8:55:00 AM,SEPL,1
14,3,17/08/2016,8:55:00 AM,WESA,25
14,3,29/08/2016,1:47:00 PM,PEEP,69
14,3,29/08/2016,1:47:00 PM,SAND,2
14,3,29/08/2016,1:47:00 PM,WESA,21
14,3,01/09/2016,8:41:00 AM,SAND,37
14,3,21/09/2016,10:06:00 AM,SAND,179
14,3,21/09/2016,10:06:00 AM,WESA,8
14,3,04/05/2017,1:19:00 PM,DUNL,6
14,3,04/05/2017,1:19:00 PM,SEPL,26
14,3,04/05/2017,1:19:00 PM,WESA,434
14,3,08/05/2017,7:49:00 AM,BBPL,2
14,3,08/05/2017,7:49:00 AM,WESA,4
14,3,23/05/2017,4:30:00 PM,SAND,41
14,3,14/07/2017,11:18:00 AM,SEPL,2
14,3,02/08/2017,2:00:00 PM,BBPL,9
14,3,02/08/2017,2:00:00 PM,LESA,1
14,3,02/08/2017,2:00:00 PM,SEPL,10
14,3,02/08/2017,2:00:00 PM,WESA,18
14,3,05/08/2017,8:28:00 AM,LESA,1
14,3,05/08/2017,8:28:00 AM,WESA,5
14,3,11/08/2017,7:34:00 AM,SEPL,1
14,3,11/08/2017,7:34:00 AM,WESA,7
14,3,22/09/2017,5:37:00 PM,SAND,36
15,3,09/08/2011,2:34:11 PM,SEPL,4
15,3,09/08/2011,2:34:11 PM,UNSHOREBIRD,1
15,3,14/08/2011,9:52:28 AM,WESA,50
15,3,21/08/2011,2:55:10 PM,WESA,4
15,3,25/08/2011,3:30:59 PM,SAND,54
15,3,25/08/2011,3:30:59 PM,WESA,30
15,3,05/10/2011,3:13:00 PM,BBPL,4
15,3,05/10/2011,3:13:00 PM,SEPL,2
15,3,23/04/2012,9:29:00 AM,DUNL,1
15,3,23/04/2012,9:29:00 AM,WESA,30
15,3,10/05/2012,1:17:00 PM,SEPL,15
15,3,10/05/2012,1:17:00 PM,WHIM,10
15,3,15/05/2012,12:03:00 PM,RNPH,7
15,3,15/05/2012,12:03:00 PM,SAND,20
15,3,15/05/2012,12:03:00 PM,SEPL,53
15,3,18/05/2012,9:30:00 AM,BBPL,2
15,3,18/05/2012,9:30:00 AM,SEPL,1
15,3,18/05/2012,9:30:00 AM,WHIM,2
15,3,20/07/2012,6:56:00 AM,SEPL,4
15,3,20/07/2012,6:56:00 AM,WESA,6
15,3,29/07/2012,10:14:00 AM,BLOY,1
15,3,06/08/2012,3:16:00 PM,SAND,24
15,3,06/08/2012,3:16:00 PM,WESA,1
15,3,09/08/2012,6:56:00 AM,SAND,10
15,3,14/08/2012,5:35:00 PM,SAND,2
15,3,21/08/2012,10:45:00 AM,SAND,10
15,3,21/08/2012,10:45:00 AM,SEPL,2
15,3,21/08/2012,10:45:00 AM,WESA,58
15,3,02/05/2013,7:24:00 AM,WESA,12
15,3,05/05/2013,6:26:00 PM,BASA,1
15,3,05/05/2013,6:26:00 PM,BBPL,5
15,3,10/05/2013,3:36:00 PM,BBPL,9
15,3,15/05/2013,8:04:00 AM,SAND,12
15,3,15/05/2013,8:04:00 AM,WESA,3
15,3,17/08/2013,3:11:00 PM,SAND,6
15,3,13/09/2013,7:45:00 AM,WESA,1
15,3,17/09/2013,8:37:00 AM,SAND,24
15,3,17/09/2013,8:37:00 AM,WESA,4
15,3,14/08/2014,8:00:00 AM,SAND,2
15,3,14/08/2014,8:00:00 AM,SEPL,75
15,3,14/08/2014,8:00:00 AM,WESA,35
15,3,03/09/2014,3:47:00 PM,SEPL,25
15,3,30/04/2015,4:19:00 PM,WESA,35
15,3,03/05/2015,1:05:00 PM,DUNL,3
15,3,03/05/2015,1:05:00 PM,SEPL,2
15,3,03/05/2015,1:05:00 PM,WESA,83
15,3,12/05/2015,2:45:00 PM,DUNL,10
15,3,12/05/2015,2:45:00 PM,WESA,41
15,3,30/07/2015,1:52:00 PM,WESA,10
15,3,14/08/2015,4:05:00 PM,WESA,6
15,3,26/08/2015,9:35:00 AM,SEPL,2
15,3,02/09/2015,7:23:00 AM,SAND,10
15,3,02/09/2015,7:23:00 AM,SEPL,16
15,3,02/09/2015,7:23:00 AM,WESA,3
15,3,03/09/2015,5:25:00 PM,SAND,15
15,3,03/09/2015,5:25:00 PM,WESA,4
15,3,18/09/2015,10:18:00 AM,PEEP,1
15,3,05/05/2016,6:57:00 AM,BBPL,5
15,3,05/05/2016,6:57:00 AM,LESA,1
15,3,05/05/2016,6:57:00 AM,SEPL,17
15,3,05/05/2016,6:57:00 AM,WESA,55
15,3,09/05/2016,12:00:00 PM,DUNL,3
15,3,09/05/2016,12:00:00 PM,SEPL,15
15,3,09/05/2016,12:00:00 PM,WESA,6
15,3,09/05/2016,12:00:00 PM,WHIM,6
15,3,18/05/2016,11:08:00 AM,DUNL,2
15,3,18/05/2016,11:08:00 AM,SAND,146
15,3,18/05/2016,11:08:00 AM,SEPL,1
15,3,18/05/2016,11:08:00 AM,WESA,4
15,3,20/05/2016,1:36:00 PM,SAND,562
15,3,20/05/2016,1:36:00 PM,WESA,6
15,3,20/07/2016,9:54:00 AM,BBPL,2
15,3,20/07/2016,9:54:00 AM,WESA,2
15,3,04/08/2016,12:15:00 PM,SAND,3
15,3,18/08/2016,7:06:00 AM,LESA,2
15,3,18/08/2016,7:06:00 AM,SAND,2
15,3,23/08/2016,7:31:00 AM,SAND,14
15,3,26/08/2016,8:45:00 AM,SAND,280
15,3,26/08/2016,8:45:00 AM,SEPL,4
15,3,26/08/2016,8:45:00 AM,WESA,3
15,3,02/09/2016,12:02:00 PM,WESA,2
15,3,07/09/2016,12:50:00 PM,WESA,1
15,3,27/09/2016,3:35:00 PM,SAND,12
15,3,24/04/2017,11:00:00 AM,SAND,1
15,3,24/04/2017,11:00:00 AM,SEPL,1
15,3,24/04/2017,11:00:00 AM,WESA,247
15,3,02/05/2017,10:04:00 AM,DUNL,1
15,3,02/05/2017,10:04:00 AM,SAND,4
15,3,02/05/2017,10:04:00 AM,SEPL,44
15,3,02/05/2017,10:04:00 AM,WESA,25
15,3,08/05/2017,3:56:00 PM,PEEP,35
15,3,08/05/2017,3:56:00 PM,SEPL,5
15,3,08/05/2017,3:56:00 PM,WESA,66
15,3,19/05/2017,1:48:00 PM,SAND,20
15,3,11/07/2017,2:04:00 PM,WESA,4
15,3,19/07/2017,1:46:00 PM,PEEP,17
15,3,19/07/2017,1:46:00 PM,SAND,56
15,3,25/07/2017,2:29:00 PM,SEPL,1
15,3,25/07/2017,2:29:00 PM,WESA,26
15,3,31/07/2017,5:06:00 PM,LESA,4
15,3,31/07/2017,5:06:00 PM,SAND,5
15,3,31/07/2017,5:06:00 PM,WESA,51
15,3,10/08/2017,12:37:00 PM,WESA,3
15,3,14/08/2017,2:52:00 PM,BASA,2
15,3,21/08/2017,9:57:00 AM,WESA,15
16,3,09/08/2011,12:58:43 PM,SAND,28
16,3,09/08/2011,12:58:43 PM,SEPL,1
16,3,09/08/2011,12:58:43 PM,WESA,10
16,3,13/08/2011,9:21:55 AM,SEPL,15
16,3,13/08/2011,9:21:55 AM,WESA,1
16,3,17/08/2011,4:02:41 PM,SAND,84
16,3,17/08/2011,4:02:41 PM,WESA,2
16,3,20/08/2011,1:15:00 PM,WESA,7
16,3,08/09/2011,8:36:00 AM,SAND,6
16,3,04/05/2012,7:33:00 AM,BBPL,3
16,3,04/05/2012,7:33:00 AM,DUNL,6
16,3,04/05/2012,7:33:00 AM,LESA,15
16,3,04/05/2012,7:33:00 AM,SAND,195
16,3,04/05/2012,7:33:00 AM,SBDO,25
16,3,04/05/2012,7:33:00 AM,SEPL,14
16,3,04/05/2012,7:33:00 AM,WESA,570
16,3,09/05/2012,12:17:00 PM,SEPL,11
16,3,09/05/2012,12:17:00 PM,WHIM,7
16,3,16/05/2012,9:29:00 AM,SAND,32
16,3,16/05/2012,9:29:00 AM,WESA,1
16,3,25/05/2012,8:31:00 AM,BBPL,1
16,3,25/05/2012,8:31:00 AM,REKN,2
16,3,25/05/2012,8:31:00 AM,SAND,3
16,3,25/05/2012,8:31:00 AM,WHIM,2
16,3,03/08/2012,9:22:00 AM,SAND,3
16,3,08/08/2012,9:55:00 AM,WESA,4
16,3,29/08/2012,11:56:00 AM,SAND,7
16,3,29/08/2012,11:56:00 AM,SURF,5
16,3,29/08/2012,11:56:00 AM,WESA,45
16,3,25/04/2013,11:09:00 AM,WESA,93
16,3,07/05/2013,6:46:00 AM,BBPL,3
16,3,07/05/2013,6:46:00 AM,DUNL,8
16,3,07/05/2013,6:46:00 AM,SEPL,19
16,3,20/05/2013,6:31:00 PM,SAND,10
16,3,25/07/2013,8:14:00 AM,SAND,1
16,3,25/07/2013,8:14:00 AM,SEPL,6
16,3,13/08/2013,3:27:00 PM,SEPL,1
16,3,13/08/2013,3:27:00 PM,WESA,9
16,3,27/08/2013,4:58:00 PM,SAND,3
16,3,27/08/2013,4:58:00 PM,SEPL,2
16,3,23/09/2013,9:35:00 AM,REKN,5
16,3,18/08/2014,12:40:00 PM,WESA,3
16,3,28/08/2014,2:37:00 PM,SAND,1
16,3,28/08/2014,2:37:00 PM,WESA,7
16,3,16/09/2014,9:29:00 AM,SAND,2
16,3,16/09/2014,9:29:00 AM,SEPL,1
16,3,16/09/2014,9:29:00 AM,WESA,10
16,3,29/09/2014,3:23:00 PM,MAGO,1
16,3,29/09/2014,3:23:00 PM,WHIM,3
16,3,29/04/2015,2:00:00 PM,BBPL,3
16,3,29/04/2015,2:00:00 PM,WESA,9
16,3,05/05/2015,11:18:00 AM,DUNL,3
16,3,05/05/2015,11:18:00 AM,SEPL,25
16,3,05/05/2015,11:18:00 AM,WESA,64
16,3,14/05/2015,12:10:00 PM,SEPL,2
16,3,14/05/2015,12:10:00 PM,WESA,4
16,3,21/05/2015,11:45:00 AM,WHIM,5
16,3,16/07/2015,10:26:00 AM,WESA,4
16,3,30/07/2015,6:14:00 AM,SAND,1
16,3,11/08/2015,1:06:00 PM,LESA,1
16,3,11/08/2015,1:06:00 PM,SAND,27
16,3,11/08/2015,1:06:00 PM,SEPL,35
16,3,11/08/2015,1:06:00 PM,WESA,17
16,3,27/08/2015,7:45:00 AM,LESA,1
16,3,27/08/2015,7:45:00 AM,SAND,2
16,3,27/08/2015,7:45:00 AM,SEPL,1
16,3,27/08/2015,7:45:00 AM,WESA,1
16,3,02/09/2015,4:10:00 PM,LESA,1
16,3,02/09/2015,4:10:00 PM,SAND,55
16,3,02/09/2015,4:10:00 PM,SEPL,11
16,3,02/09/2015,4:10:00 PM,WESA,27
16,3,03/05/2016,3:55:00 PM,SEPL,10
16,3,03/05/2016,3:55:00 PM,WESA,50
16,3,13/05/2016,7:15:00 AM,WESA,4
16,3,05/08/2016,6:10:00 AM,LESA,1
16,3,05/08/2016,6:10:00 AM,PEEP,24
16,3,24/08/2016,2:09:00 PM,SAND,111
16,3,24/08/2016,2:09:00 PM,WESA,2
16,3,31/08/2016,1:18:00 PM,SAND,32
16,3,31/08/2016,1:18:00 PM,WESA,25
16,3,09/09/2016,11:19:00 AM,SAND,121
16,3,09/09/2016,11:19:00 AM,WESA,1
16,3,23/09/2016,8:40:00 AM,SAND,120
16,3,23/09/2016,8:40:00 AM,WESA,1
16,3,02/05/2017,6:20:00 AM,WESA,7
16,3,02/05/2017,6:20:00 AM,WHIM,8
16,3,03/05/2017,1:33:00 PM,SEPL,13
16,3,03/05/2017,1:33:00 PM,WESA,27
16,3,19/05/2017,8:03:00 AM,SAND,15
16,3,19/05/2017,8:03:00 AM,WESA,4
16,3,20/07/2017,12:52:00 PM,SAND,69
16,3,20/07/2017,12:52:00 PM,WESA,39
16,3,28/07/2017,10:25:00 AM,SAND,1
16,3,28/07/2017,10:25:00 AM,SEPL,1
16,3,28/07/2017,10:25:00 AM,WESA,5
16,3,05/08/2017,9:10:00 AM,SEPL,40
16,3,21/08/2017,7:29:00 AM,LESA,7
16,3,11/09/2017,7:55:00 AM,WESA,6
17,3,22/07/2011,7:57:22 AM,SAND,37
17,3,22/07/2011,7:57:22 AM,SEPL,1
17,3,09/08/2011,11:26:47 AM,LESA,3
17,3,09/08/2011,11:26:47 AM,SAND,27
17,3,09/08/2011,11:26:47 AM,SEPL,11
17,3,09/08/2011,11:26:47 AM,WESA,108
17,3,12/08/2011,2:59:08 PM,SAND,21
17,3,12/08/2011,2:59:08 PM,SEPL,1
17,3,20/08/2011,2:41:26 PM,BASA,2
17,3,20/08/2011,2:41:26 PM,SAND,2
17,3,20/08/2011,2:41:26 PM,SEPL,2
17,3,20/08/2011,2:41:26 PM,WESA,6
17,3,07/09/2011,7:15:00 AM,SAND,1
17,3,04/05/2012,4:45:00 PM,DUNL,23
17,3,04/05/2012,4:45:00 PM,WESA,2
17,3,10/05/2012,5:03:00 PM,SEPL,2
17,3,10/05/2012,5:03:00 PM,WHIM,3
17,3,14/05/2012,12:56:00 PM,BBPL,2
17,3,23/05/2012,7:34:00 AM,BLOY,4
17,3,23/05/2012,7:34:00 AM,SAND,9
17,3,23/05/2012,7:34:00 AM,WHIM,7
17,3,28/05/2012,7:39:00 AM,WHIM,1
17,3,18/07/2012,4:54:00 PM,WESA,4
17,3,28/07/2012,8:27:00 AM,SEPL,3
17,3,28/07/2012,8:27:00 AM,WESA,1
17,3,08/08/2012,12:07:00 PM,SAND,46
17,3,08/08/2012,12:07:00 PM,WHIM,11
17,3,20/08/2012,7:17:00 AM,SAND,13
17,3,20/08/2012,7:17:00 AM,WESA,53
17,3,25/09/2012,9:36:00 AM,BASA,4
17,3,25/09/2012,9:36:00 AM,BBPL,2
17,3,25/09/2012,9:36:00 AM,SAND,108
17,3,25/09/2012,9:36:00 AM,WESA,2
17,3,27/04/2013,7:10:00 AM,BBPL,29
17,3,27/04/2013,7:10:00 AM,WESA,80
17,3,04/05/2013,11:25:00 AM,SEPL,19
17,3,08/05/2013,4:05:00 PM,BBPL,1
17,3,08/05/2013,4:05:00 PM,DUNL,31
17,3,08/05/2013,4:05:00 PM,SAND,35
17,3,08/05/2013,4:05:00 PM,SEPL,64
17,3,08/05/2013,4:05:00 PM,WESA,48
17,3,11/05/2013,1:33:00 PM,DUNL,8
17,3,11/05/2013,1:33:00 PM,SEPL,14
17,3,11/05/2013,1:33:00 PM,WESA,9
17,3,16/05/2013,7:48:00 AM,SEPL,7
17,3,22/05/2013,8:34:00 AM,WHIM,28
17,3,06/08/2013,11:41:00 AM,WESA,50
17,3,15/07/2014,3:13:30 PM,WESA,8
17,3,18/09/2014,12:29:00 PM,SAND,38
17,3,29/04/2015,12:35:00 PM,WESA,105
17,3,04/05/2015,10:10:00 AM,BBPL,8
17,3,04/05/2015,10:10:00 AM,DUNL,17
17,3,04/05/2015,10:10:00 AM,SEPL,63
17,3,04/05/2015,10:10:00 AM,WESA,155
17,3,04/05/2015,10:10:00 AM,WHIM,15
17,3,14/05/2015,11:26:00 AM,DUNL,50
17,3,14/05/2015,11:26:00 AM,SEPL,15
17,3,14/05/2015,11:26:00 AM,WESA,172
17,3,22/07/2015,9:25:00 AM,SEPL,6
17,3,10/08/2015,11:38:00 AM,SAND,6
17,3,10/08/2015,11:38:00 AM,SEPL,35
17,3,10/08/2015,11:38:00 AM,WESA,113
17,3,20/08/2015,6:30:00 AM,SEPL,2
17,3,20/08/2015,6:30:00 AM,WESA,2
17,3,26/08/2015,3:03:00 PM,SEPL,2
17,3,26/08/2015,3:03:00 PM,WESA,1
17,3,01/09/2015,2:17:00 PM,SAND,172
17,3,01/09/2015,2:17:00 PM,SEPL,46
17,3,01/09/2015,2:17:00 PM,WESA,57
17,3,28/04/2016,6:56:00 AM,BBPL,12
17,3,28/04/2016,6:56:00 AM,SEPL,12
17,3,05/05/2016,7:40:00 AM,SEPL,9
17,3,05/05/2016,7:40:00 AM,WESA,81
17,3,20/05/2016,4:28:00 PM,DUNL,6
17,3,20/05/2016,4:28:00 PM,SAND,170
17,3,20/05/2016,4:28:00 PM,WESA,4
17,3,24/05/2016,4:10:00 PM,SAND,80
17,3,24/05/2016,4:10:00 PM,WESA,10
17,3,20/07/2016,9:08:00 AM,WESA,3
17,3,20/07/2016,9:08:00 AM,WHIM,7
17,3,27/07/2016,7:34:00 AM,WESA,4
17,3,03/08/2016,5:30:00 PM,LESA,1
17,3,03/08/2016,5:30:00 PM,SEPL,9
17,3,18/08/2016,2:46:00 PM,SAND,1
17,3,18/08/2016,2:46:00 PM,UNSHOREBIRD,1
17,3,25/08/2016,9:22:00 AM,SAND,3
17,3,07/09/2016,10:24:00 AM,SAND,13
17,3,07/09/2016,10:24:00 AM,WESA,2
17,3,23/09/2016,2:45:00 PM,SAND,13
17,3,05/05/2017,12:34:00 PM,PEEP,80
17,3,05/05/2017,12:34:00 PM,SEPL,2
17,3,05/05/2017,12:34:00 PM,WESA,74
17,3,08/05/2017,6:40:00 AM,DUNL,2
17,3,08/05/2017,6:40:00 AM,WESA,10
17,3,19/05/2017,2:41:00 PM,WHIM,5
17,3,18/07/2017,9:54:00 AM,PEEP,7
17,3,18/07/2017,9:54:00 AM,SAND,21
17,3,18/07/2017,9:54:00 AM,SEPL,2
17,3,18/07/2017,9:54:00 AM,WESA,22
17,3,28/07/2017,7:08:00 AM,SAND,2
17,3,28/07/2017,7:08:00 AM,SEPL,3
17,3,28/07/2017,7:08:00 AM,WESA,84
17,3,11/08/2017,1:24:00 PM,BASA,14
17,3,11/08/2017,1:24:00 PM,WESA,15
17,3,30/08/2017,4:08:00 PM,SEPL,2
17,3,21/09/2017,1:41:00 PM,UNGOLDEN-PLOVER,1
18,3,23/07/2011,6:27:09 AM,SAND,14
18,3,29/07/2011,11:14:04 AM,SEPL,5
18,3,11/08/2011,2:33:12 PM,SAND,45
18,3,11/08/2011,2:33:12 PM,WESA,11
18,3,16/08/2011,12:51:34 PM,SAND,30
18,3,16/09/2011,9:15:00 AM,LESA,8
18,3,16/09/2011,9:15:00 AM,SAND,22
18,3,16/09/2011,9:15:00 AM,SEPL,2
18,3,16/09/2011,9:15:00 AM,WESA,10
18,3,11/05/2012,3:21:00 PM,SEPL,7
18,3,15/05/2012,4:36:00 PM,SEPL,27
18,3,15/05/2012,4:36:00 PM,WESA,8
18,3,24/05/2012,6:24:00 AM,BLOY,2
18,3,24/05/2012,6:24:00 AM,SEPL,5
18,3,24/05/2012,6:24:00 AM,WHIM,26
18,3,17/07/2012,12:00:00 PM,SAND,3
18,3,17/07/2012,12:00:00 PM,SEPL,9
18,3,17/07/2012,12:00:00 PM,WESA,24
18,3,31/07/2012,1:29:00 PM,SAND,15
18,3,31/07/2012,1:29:00 PM,SEPL,5
18,3,31/07/2012,1:29:00 PM,WESA,5
18,3,06/08/2012,1:57:00 PM,WHIM,5
18,3,07/08/2012,7:45:00 AM,WHIM,1
18,3,14/08/2012,5:02:00 PM,WESA,3
18,3,14/08/2012,5:02:00 PM,WHIM,2
18,3,05/09/2012,7:25:00 AM,BASA,1
18,3,05/09/2012,7:25:00 AM,WHIM,3
18,3,24/04/2013,1:23:00 PM,KILL,15
18,3,07/05/2013,5:28:00 PM,BBPL,1
18,3,09/05/2013,5:56:00 PM,DUNL,2
18,3,09/05/2013,5:56:00 PM,SEPL,4
18,3,09/05/2013,5:56:00 PM,WHIM,1
18,3,08/08/2013,9:15:00 AM,SAND,4
18,3,15/08/2013,1:32:00 PM,SAND,43
18,3,15/08/2013,1:32:00 PM,WESA,2
18,3,03/09/2013,9:12:00 AM,SAND,18
18,3,03/09/2013,9:12:00 AM,SEPL,6
18,3,04/09/2013,3:47:00 PM,SAND,30
18,3,04/09/2013,3:47:00 PM,SEPL,3
18,3,04/09/2013,3:47:00 PM,WESA,33
18,3,14/07/2014,12:59:00 PM,WESA,3
18,3,18/08/2014,8:40:00 AM,SAND,7
18,3,18/08/2014,8:40:00 AM,WESA,31
18,3,05/09/2014,1:47:00 PM,SAND,6
18,3,05/09/2014,1:47:00 PM,WESA,1
18,3,22/09/2014,1:50:00 PM,WESA,4
18,3,24/04/2015,10:10:00 AM,DUNL,6
18,3,24/04/2015,10:10:00 AM,SEPL,49
18,3,24/04/2015,10:10:00 AM,WESA,68
18,3,01/05/2015,11:00:00 AM,WESA,320
18,3,20/07/2015,4:02:00 PM,WESA,37
18,3,27/07/2015,6:38:00 AM,WHIM,2
18,3,17/08/2015,2:48:00 PM,WESA,12
18,3,02/09/2015,6:45:00 AM,SAND,111
18,3,02/09/2015,6:45:00 AM,SEPL,42
18,3,02/09/2015,6:45:00 AM,WESA,77
18,3,23/09/2015,9:38:00 AM,GRYE,2
18,3,23/09/2015,9:38:00 AM,SAND,41
18,3,23/09/2015,9:38:00 AM,WESA,2
18,3,25/04/2016,2:27:00 PM,LESA,1
18,3,25/04/2016,2:27:00 PM,SEPL,9
18,3,25/04/2016,2:27:00 PM,WESA,30
18,3,03/05/2016,4:30:00 PM,DUNL,76
18,3,03/05/2016,4:30:00 PM,SEPL,13
18,3,03/05/2016,4:30:00 PM,WESA,417
18,3,18/05/2016,10:00:00 AM,DUNL,1
18,3,18/05/2016,10:00:00 AM,SEPL,7
18,3,18/05/2016,10:00:00 AM,WHIM,7
18,3,15/07/2016,6:34:00 AM,BLOY,1
18,3,06/09/2016,3:25:00 PM,SAND,32
18,3,06/09/2016,3:25:00 PM,WESA,45
18,3,21/09/2016,3:24:00 PM,SAND,8
18,3,21/09/2016,3:24:00 PM,WHIM,1
18,3,25/04/2017,8:53:00 AM,WHIM,5
18,3,28/04/2017,8:32:00 AM,WHIM,20
18,3,04/05/2017,6:38:00 AM,BBPL,3
18,3,04/05/2017,6:38:00 AM,DUNL,2
18,3,04/05/2017,6:38:00 AM,LESA,7
18,3,04/05/2017,6:38:00 AM,MAGO,1
18,3,04/05/2017,6:38:00 AM,SEPL,67
18,3,04/05/2017,6:38:00 AM,WESA,67
18,3,04/05/2017,6:38:00 AM,WHIM,14
18,3,11/05/2017,2:00:00 PM,WHIM,8
18,3,14/07/2017,12:05:00 PM,WESA,100
18,3,20/07/2017,12:10:00 PM,SEPL,3
18,3,24/08/2017,5:30:00 PM,WESA,1
18,3,29/08/2017,5:30:00 PM,SAND,2
19,3,22/07/2011,6:22:28 AM,WESA,10
19,3,12/08/2011,4:42:43 PM,SAND,20
19,3,12/08/2011,4:42:43 PM,SEPL,16
19,3,20/08/2011,3:25:22 PM,WESA,7
19,3,01/10/2011,11:42:00 AM,SAND,5
19,3,30/04/2012,7:45:00 AM,SEPL,1
19,3,08/05/2012,1:30:00 PM,SAND,50
19,3,08/05/2012,1:30:00 PM,SEPL,4
19,3,20/05/2012,10:25:00 AM,BLOY,5
19,3,31/05/2012,9:25:00 AM,BLOY,3
19,3,31/05/2012,9:25:00 AM,SAND,16
19,3,07/09/2012,7:26:00 AM,WHIM,4
19,3,30/04/2013,2:28:00 PM,SEPL,11
19,3,06/05/2013,12:00:00 PM,SEPL,4
19,3,06/05/2013,12:00:00 PM,WESA,1
19,3,10/05/2013,10:20:00 AM,DUNL,14
19,3,10/05/2013,10:20:00 AM,SEPL,13
19,3,10/05/2013,10:20:00 AM,WESA,31
19,3,21/05/2013,9:56:00 AM,SAND,94
19,3,21/05/2013,9:56:00 AM,WESA,3
19,3,31/07/2013,9:40:00 AM,SURF,72
19,3,16/09/2013,9:10:00 AM,LESA,2
19,3,29/07/2014,4:27:00 PM,WESA,4
19,3,18/08/2014,3:58:00 PM,WESA,1
19,3,29/08/2014,9:28:00 AM,SAND,5
19,3,29/09/2014,8:45:00 AM,WHIM,20
19,3,29/04/2015,2:47:00 PM,SEPL,111
19,3,29/04/2015,2:47:00 PM,WESA,34
19,3,03/05/2015,11:50:00 AM,SEPL,3
19,3,03/05/2015,11:50:00 AM,WESA,210
19,3,07/05/2015,1:30:00 PM,DUNL,3
19,3,07/05/2015,1:30:00 PM,SEPL,108
19,3,07/05/2015,1:30:00 PM,WESA,50
19,3,10/08/2015,6:45:00 AM,WESA,55
19,3,01/09/2015,1:18:00 PM,WESA,19
19,3,01/09/2015,1:18:00 PM,WHIM,1
19,3,27/04/2016,5:30:00 PM,SEPL,8
19,3,17/05/2016,11:18:00 AM,DUNL,15
19,3,17/05/2016,11:18:00 AM,SAND,265
19,3,17/05/2016,11:18:00 AM,SEPL,19
19,3,17/05/2016,11:18:00 AM,WESA,43
19,3,28/08/2016,2:57:00 PM,SAND,15
19,3,28/08/2016,2:57:00 PM,WESA,1
19,3,01/09/2016,1:30:00 PM,BASA,1
19,3,01/09/2016,1:30:00 PM,SAND,67
19,3,01/09/2016,1:30:00 PM,SEPL,41
19,3,01/09/2016,1:30:00 PM,WESA,87
19,3,21/04/2017,7:39:00 AM,SEPL,31
19,3,28/04/2017,6:31:00 AM,SEPL,12
19,3,28/04/2017,6:31:00 AM,WESA,1
19,3,28/04/2017,6:31:00 AM,WHIM,3
19,3,02/05/2017,8:51:00 AM,SEPL,17
19,3,02/05/2017,8:51:00 AM,WESA,3
19,3,16/08/2017,12:16:00 PM,LESA,1
19,3,25/08/2017,8:34:00 AM,SAND,1
20,3,23/07/2011,12:51:41 PM,WESA,1
20,3,27/07/2011,9:48:15 AM,SAND,8
20,3,02/08/2011,8:47:00 AM,WESA,16
20,3,13/08/2011,7:11:10 AM,WESA,6
20,3,16/08/2011,11:14:18 AM,WESA,15
20,3,16/09/2011,10:42:00 AM,LEYE,1
20,3,27/04/2012,7:18:00 AM,SEPL,8
20,3,27/04/2012,7:18:00 AM,WESA,1
20,3,28/05/2012,6:34:00 AM,WHIM,4
20,3,25/08/2012,9:20:00 AM,WHIM,4
20,3,05/09/2012,9:22:00 AM,WESA,25
20,3,04/05/2013,3:29:00 PM,SEPL,34
20,3,05/05/2013,2:22:00 PM,BBPL,3
20,3,05/05/2013,2:22:00 PM,SEPL,16
20,3,05/05/2013,2:22:00 PM,WESA,1
20,3,08/05/2013,6:16:00 AM,DUNL,26
20,3,08/05/2013,6:16:00 AM,SEPL,7
20,3,08/05/2013,6:16:00 AM,WESA,16
20,3,24/07/2013,11:54:00 AM,SEPL,2
20,3,16/08/2013,3:41:00 PM,BLOY,1
20,3,16/08/2013,3:41:00 PM,WESA,1
20,3,16/08/2013,3:41:00 PM,WHIM,1
20,3,20/08/2013,9:00:00 AM,LESA,3
20,3,07/08/2014,4:27:00 PM,WESA,6
20,3,13/05/2015,8:16:00 AM,WHIM,21
20,3,25/05/2015,9:40:00 AM,BLOY,24
20,3,25/05/2015,9:40:00 AM,DUNL,1
20,3,25/05/2015,9:40:00 AM,SAND,2
20,3,25/05/2015,9:40:00 AM,WHIM,10
20,3,15/07/2015,10:22:00 AM,KILL,8
20,3,10/08/2015,8:56:00 AM,WESA,47
20,3,02/05/2016,3:30:00 PM,WHIM,3
20,3,24/05/2016,3:02:00 PM,WHIM,1
20,3,05/08/2016,7:36:00 AM,WESA,6
20,3,25/08/2016,1:30:00 PM,SAND,30
20,3,06/09/2016,1:27:00 PM,WESA,1
20,3,11/07/2017,6:12:00 AM,LESA,2
20,3,24/07/2017,2:30:00 PM,WESA,150
20,3,05/08/2017,4:21:00 PM,LESA,10
20,3,15/08/2017,10:03:00 AM,RNPH,3
20,3,15/08/2017,10:03:00 AM,WESA,1
20,3,24/08/2017,1:31:00 PM,WESA,2
